,手入力,※1年前の数値は出せない,,満足度参考基準？,視聴達成率,140%以上,,,,,,,,,,,,,,,,,,,,,,,,,,,,,,,,,,,,,,,,,,,,,,,,,,
,管理画面から自動入力,,,,ENG率,0.6%以上,,,,,,オーガニックも含めた再生回数,,,,,,,,,,,,,,,,,,,,,リプライ有,,,,,,リプライ無,,,,,,,,,,,,,,,,,
,関数,,,,コメント数,50件以上,,,,,★,★,,,,,★,★,★,★,★,★,★,★,★,★,★,★,★,★,★,★,★,★,★,★,★,★,★,★,★,★,★,★,★,★,★,★,★,★,,,,,,
,,,,,いいね数,"10,000件以上",,リーチ、動画視聴の2本あるやつはキャンペーンIDを記載しない,,,,,,,,,,,,,,,,,,,,,,,,,,,,,,,,,,,,,,,,,,,,,,,,
,企業名,クライアント名,商品名,カテゴリー,URL,配信ステータス,広告アカウントID,campaign_id,投稿日,配信目的,想定再生回数,実績再生回数,総額,配信予算,配信費用,想定再生単価,実績再生単価,視聴達成率,掲載単価(N),動画秒数,いいね,いいね率,コメント,コメント率,シェア,シェア率,保存,保存率,ENG数,ENG率,CPC,CPM,IMP数,CL数,CTR,リーチ数,リーチ率,FQ,動画視聴数,2秒視聴率,2秒動画再生数,6秒視聴率,6秒動画再生数,完全視聴率,再生完了数,75%(動画が再生された長さが),50%(動画が再生された長さが),25%(動画が再生された長さが),平均再生秒数,一人当たりの平均視聴時間,オーガニック再生数（実績ー広告配信mp）,リーチ単価,視聴単価,cpc,完全視聴単価,エンゲージ単価
,ツーウェイワールド株式会社,BIBIDAY,マルチミスト,日用品,https://vt.tiktok.com/ZSRmjy3pM/,配信中,7130830493322444802,1743133834529825,2022/03/10,動画視聴,"250,000","476,000","¥400,000","¥120,000","¥1,820,000",¥1.60,¥0.84,190.40%,,16.00,"4,738",1.00%,40,0.008%,558,0.117%,309,0.065%,"5,645",1.19%,¥0,¥321,"5,667,090",0,0.00%,"2,868,903",,1.98,"5,635,173",618.47%,"2,943,916",21.50%,"1,211,707",9.25%,"521,325","897,428.00","1,127,051.00","1,923,538.00",5.81,11.41,,,#VALUE!,#DIV/0!,¥0.8,¥70.9
,第一三共ヘルスケア株式会社,ブレスラボ,ブレスラボ,日用品,https://vt.tiktok.com/ZSdyWkRJs/,配信中,7072166649465487362,1730497841964066,2022/04/21,動画視聴,"500,000","890,656","¥700,000","¥210,000",,¥1.40,¥0.79,178.13%,,14.74,"7,399",0.83%,78,0.009%,409,0.046%,527,0.059%,"8,413",0.94%,¥91,¥316,"2,686,561","9,341",0.35%,"2,418,926",,1.11,"2,671,916",187.28%,"1,668,009",32.82%,"876,912",14.44%,"385,833","566,078.00","734,290.00","1,047,803.00",6.73,7.43,,,¥0.4,¥74.9,¥1.8,¥83.2
,第一三共ヘルスケア株式会社,アクネージュ,アクネージュ,スキンケア,https://vt.tiktok.com/ZS89CGPn8/,配信中,7082686898740707329,1732978659193858,2022/05/19,動画視聴,"500,000","814,267","¥700,000","¥210,000",,¥1.40,¥0.86,162.85%,,16.65,"3,883",0.48%,103,0.013%,872,0.107%,195,0.024%,"5,053",0.62%,¥0,¥283,"3,000,912",0,0.00%,"2,275,940",,1.32,"2,984,606",213.61%,"1,739,325",27.47%,"819,734",18.61%,"555,395","662,369.00","809,276.00","1,142,228.00",6.31,8.27,,¥0.3,,,,
,株式会社Waphyto,Waphyto,インティメント,スキンケア,https://vt.tiktok.com/ZSdyWD7c8/,配信中,7091117688478662658,1733162713140242,2022/05/20,動画視聴,"500,000","824,062","¥700,000","¥210,000",,¥1.40,¥0.85,164.81%,,22.73,"4,210",0.51%,21,0.003%,378,0.046%,284,0.034%,"4,893",0.59%,¥0,¥241,"1,375,702",0,0.00%,"964,079",73.26%,1.43,"1,274,427",61.96%,"789,655",20.86%,"265,878",7.47%,"95,222","139,471","183,677","353,419",6.47,8.56,,¥0.7,,,,
,株式会社Waphyto,Waphyto,ボディクリーム,日用品,https://vt.tiktok.com/ZSdyWD7c8/,配信中,7061828541154902018,1726698579277841,2022/06/14,動画視聴,"1,000,000","1,500,000","¥1,300,000","¥450,000",,¥1.30,¥0.87,150.00%,,18.39,"13,900",0.93%,33,0.002%,123,0.008%,123,0.008%,"14,179",0.95%,¥98,¥321,"1,398,355","4,586",0.33%,"799,215",57.15%,1.5,"1,315,562",56.50%,"743,310",15.95%,"209,886",3.47%,"45,651","70,472","111,281","401,037",4.28,7.05,,,,,,
,株式会社ニトリ,ニトリデコホーム,デコホーム,日用品,"https://vt.tiktok.com/ZSRQomT5k/",配信中,7122373187807100929,1744115477568610,2022/09/17,動画視聴,"700,000","1,123,481","¥1,000,000","¥300,000",,¥1.43,¥0.89,160.50%,,24,"3,912",0.35%,16,0.001%,268,0.024%,79,0.007%,"4,275",0.38%,¥0,¥344,"3,474,084",0,0.00%,"2,442,651",70.31%,1.42,"3,386,298",62.60%,"2,119,709",21.48%,"727,354",5.91%,"200,291","285,087","414,882.00","894,362.00",4.54,6.30,,,,,,
,株式会社マンダム,CYQ,ちやほやプリンセス,メイクアップ,https://vt.tiktok.com/ZSLHKedMn/,配信中,7140505313186299906,1744565951429682,2022/09/22,動画視聴,"2,692,752","775,221","¥800,000","¥284,676",,¥0.30,¥1.03,28.79%,,14,"3,917",0.51%,7,0.001%,24,0.003%,108,0.014%,"4,056",0.52%,¥232,¥704,"825,116","2,499",0.30%,"637,924",77.31%,1.29,"775,221",55.95%,"433,717",16.63%,"128,923",7.32%,"56,755",,,,,,,¥1.6,¥1.3,¥320.1,¥14.1,¥197.2
,株式会社マンダム,CYQ,CYQメガチップ,メイクアップ,https://www.tiktok.com/@tobuy_desu/video/7146088096218516738?_r=1&_t=8eJB9qJhjgG,配信中,7140505313186299906,1744565951429682,2022/09/22,動画視聴,"2,692,752","570,068","¥800,000","¥222,241",,¥0.30,¥1.40,21.17%,,14.95,"2,516",0.44%,18,0.003%,10,0.002%,55,0.010%,"2,599",0.46%,￥220,￥744,"609,395","2,066",0.34%,"471,047",77.30%,1.29,"615,700",48.28%,"297,278",14.71%,"90,594",6.25%,"38,493",,,,,,,¥1.7,,,,
,株式会社マンダム,CYQ,人中短縮メイク,メイクアップ,https://vt.tiktok.com/ZSLHKL36J/,配信中,7140505313186299906,1744565951429682,2022/09/26,動画視聴,"2,692,752","1,347,463","¥800,000","¥542,879","¥1,049,796",¥0.30,¥0.59,50.04%,,14,"15,476",1.15%,46,0.003%,71,0.005%,62,0.005%,"15,655",1.16%,¥107,¥367,"2,858,964","9,751",0.34%,"1,428,855",49.98%,2,"2,692,752",51.35%,"1,382,676",17.42%,"469,010",8.66%,"233,145","330,845","404,157","741,592",4.37,8.23,,¥0.6,,,,
,株式会社カネボウ化粧品	,KATE,3秒ブロウブラシ,メイクアップ,https://vt.tiktok.com/ZSRb1Lyvs/,配信中,7130831028008058881,1745031654716465,2022/09/28,動画視聴,"500,000","754,100","¥800,000","¥210,000",,¥1.60,¥1.06,150.82%,,17.07,"1,605",0.21%,5,0.001%,416,0.055%,49,0.006%,"2,075",0.28%,¥0,¥244,"2,859,569",0,0.00%,"1,937,339",67.75%,1.48,"2,717,405",77.20%,"2,097,960",32.85%,"892,711",16.06%,"436,314","702,941","822,684","1,396,488",7.14,10.02,,¥0.4,,,,
,株式会社カネボウ化粧品	,KATE,狙い撃ちシェードブラシ,メイクアップ,https://vt.tiktok.com/ZSRb16JF8/,配信中,7130831028008058881,1745031990354961,2022/09/28,動画視聴,"500,000","771,400","¥800,000","¥210,000",,¥1.60,¥1.04,154.28%,,15.19,"1,413",0.18%,10,0.001%,128,0.017%,36,0.005%,"1,587",0.21%,¥0,¥300,"1,690,520",0,0.00%,"944,468",55.87%,1.79,"1,554,762",58.85%,"914,948",23.01%,"357,714",5.28%,"82,077","183,692","277,787","652,257",5.71,9.40,,¥0.8,,,,
,株式会社カネボウ化粧品	,KATE,ぴたラメブラシ,メイクアップ,https://vt.tiktok.com/ZSRb1NM7T/,配信中,7130831028008058881,1745031358244881,2022/09/29,動画視聴,"500,000","724,300","¥800,000","¥210,000",,¥1.60,¥1.10,144.86%,,11.96,647,0.09%,4,0.001%,37,0.005%,23,0.003%,711,0.10%,¥0,¥259,"3,274,559",0,0.00%,"2,001,454",61.12%,1.64,"3,213,576",52.17%,"1,676,473",30.77%,"988,812",6.49%,"208,464","256,616","327,131","1,060,944",5.19,8.34,,¥0.4,,,,
,株式会社カネボウ化粧品	,DEW,アフターグロウドロップ,スキンケア,https://www.tiktok.com/@tobuy_desu/video/7158401094358420737?_r=1&_t=8eJBFrP90sM,配信中,7148000443665367042,1747657218648098,2022/10/27,動画視聴,"2,000,000","2,400,000","¥2,500,000","¥760,000","¥757,339",¥1.25,¥1.04,120.00%,¥0.34,12.75,"17,680",0.74%,80,0.003%,117,0.005%,674,0.028%,"18,551",0.77%,¥86,¥336,"2,249,515","8,744",0.39%,"1,346,021",59.84%,1.67,"2,092,887",61.19%,"1,280,633",18.74%,"392,258",10.81%,"226,158","268,871","381,958","652,927",4.50,7.00,,¥0.6,,,,
,花王株式会社,ケープ,手櫛が通せるケープ,ヘアケア・スタイリング,https://www.tiktok.com/@tobuy_desu/video/7165807338144697602?lang=ja-JP,配信終了,7151369742064861186,1749466413290529,2022/11/15,動画視聴,"2,000,000","2,800,000","¥2,500,000","¥760,000","¥376,373",¥1.25,¥0.89,140.00%,¥0.23,16.16,"50,000",1.79%,222,0.008%,93,0.003%,"1,909",0.068%,"52,224",1.87%,¥75,¥230,"1,629,979","4,969",0.30%,"1,039,308",63.76%,1.57,"1,527,770",59.64%,"911,200",28.83%,"440,384",14.49%,"221,333","332,362","387,771","620,852",5.97,8.77,"1,170,021",,,,,
,ベリタス販売株式会社,ラピッドラッシュ,ラピッドラッシュ,メイクアップ,https://vt.tiktok.com/ZSLHwhL7q/,配信中,7158255842058403842,1750374837752850,2022/11/24,動画視聴,"500,000","602,000","¥700,000","¥210,000","¥1,050,000",¥1.40,¥1.16,120.40%,¥0.33,19.97,"1,768",0.29%,5,0.001%,211,0.035%,55,0.009%,"2,039",0.34%,¥0,¥333,"3,149,516",0,0.00%,"1,461,610",46.41%,2.15,"3,132,115",40.85%,"1,279,555",13.07%,"409,237",6.18%,"193,462","271,662","384,699","606,132",4.02,8.61,"-2,547,516",¥1.7,,,,
,花王株式会社,エッセンシャル,バリアトリートメント,ヘアケア・スタイリング,https://vt.tiktok.com/ZSLHwwkX9/,配信終了,7164268767529238529,1750919968478209,2022/12/01,動画視聴,"2,000,000","2,400,000","¥2,500,000","¥760,000","¥845,958",¥1.25,¥1.04,120.00%,¥0.34,14.77,"8,423",0.35%,50,0.002%,218,0.009%,181,0.008%,"8,872",0.37%,¥88,¥336,"2,513,659","9,559",0.38%,"1,283,547",51.06%,1.96,"2,432,027",35.58%,"865,265",14.38%,"349,670",7.39%,"179,772","252,616","307,269","478,632",3.79,7.19,"-113,659",,,,,
,株式会社カネボウ化粧品	,DEW,アフターグロウドロップ,スキンケア,https://www.tiktok.com/@tobuy_desu/video/7176236040271760641?_r=1&_t=8eJBF14ijHr,配信中,7148000443665367043,1745638993584162,2022/12/06,動画視聴,"2,000,000","2,000,000","¥2,500,000","¥760,000",,¥1.25,¥1.25,100.00%,#DIV/0!,23.78,"3,302",0.17%,26,0.001%,66,0.003%,152,0.008%,"3,546",0.18%,,,,,,,#DIV/0!,,,#DIV/0!,,#DIV/0!,,#DIV/0!,,,,,,,,#DIV/0!,,,,
,花王株式会社,Liese,プレイフル,ヘアケア・スタイリング,https://vt.tiktok.com/ZSLHKL36J/,配信終了,7078872325327781890,1759156896541715,2022/12/09,動画視聴,"2,000,000","2,700,000","¥2,500,000","¥760,000","¥692,444",¥1.25,¥0.93,135.00%,¥0.30,16.95,"15,600",0.58%,104,0.004%,142,0.005%,"1,241",0.046%,"17,087",0.63%,¥0,¥298,"2,321,115",0,0.00%,"1,665,044",71.73%,1.39,"2,268,411",69.43%,"1,574,954",37.21%,"843,977",5.31%,"120,509","238,704","623,691","900,148",6.35,8.65,"378,885",,,,,
,花王株式会社,ケープ,黒ケープ,ヘアケア・スタイリング,https://vt.tiktok.com/ZSLHwRvV3/,配信終了,7151369742064861186,1750709214546945,2022/12/20,動画視聴,"2,000,000","2,200,000","¥2,500,000","¥760,000","¥678,760",¥1.25,¥1.14,110.00%,¥0.33,"20,73 ","15,000",0.68%,44,0.002%,93,0.004%,587,0.027%,"15,724",0.71%,¥66,¥332,"2,042,136","10,203",0.50%,"1,422,459",69.66%,1.44,"1,991,250",67.55%,"1,345,017",35.76%,"712,113",5.50%,"109,574","175,528","368,546","879,281",5.31,7.44,"157,864",,,,,
,エステー株式会社,ナチュリーフ,ナチュリーフ,日用品,https://vt.tiktok.com/ZSLHwbL9H/,配信中,7186919452213100545,1755166844933153,2023/01/16,動画視聴,"500,000","846,000","¥700,000","¥210,000","¥194,706",¥1.40,¥0.83,169.20%,¥0.27,17.6,"3,401",0.40%,1,0.000%,43,0.005%,557,0.066%,"4,002",0.47%,¥72,¥274,"708,391","2,690",0.38%,"484,472",68.39%,1.46,"681,131",63.75%,"434,218",24.88%,"169,475",9.86%,"67,155","94,225","127,196","240,160",5.91,8.31,"137,609",,,,,
,イミュ株式会社,dejavu,眉マスカラ,メイクアップ,https://vt.tiktok.com/ZS8PLVFew/,配信中,7189153445973164034,1755445428946978,2023/01/19,動画視聴,"2,000,000","2,900,000","¥2,500,000","¥760,000","¥729,023",¥1.25,¥0.86,145.00%,¥0.26,17.09,"11,609",0.40%,24,0.001%,80,0.003%,302,0.010%,"12,015",0.41%,¥0,¥263,"2,769,665",0,0.00%,"1,282,014",46.29%,2.16,"2,609,813",52.75%,"1,376,609",17.76%,"463,501",5.51%,"143,678","215,660","350,559","679,140",4.88,9.93,"130,335",¥0.5,,,,
,サラヤ株式会社,ヤシノミ,食器用洗剤,日用品,https://vt.tiktok.com/ZS8axoVkh/,配信中,7190248568580538370,1756692372621345,2023/02/02,動画視聴,"1,000,000","1,500,000","¥1,300,000","¥380,000","¥378,371",¥1.30,¥0.87,150.00%,¥0.25,15.9,"11,577",0.77%,75,0.005%,63,0.004%,311,0.021%,"12,026",0.80%,¥73,¥254,"1,485,789","5,183",0.35%,"1,145,676",77.11%,1.3,"1,387,268",67.47%,"935,964",33.20%,"460,530",6.89%,"95,533","271,695","423,108","651,546",6.09,7.37,"14,211",,¥1.7,¥250.8,¥13.6,¥108.1
,花王株式会社,Primavista,フェイスパウダー（透明感編）,メイクアップ,https://www.tiktok.com/@tobuy_desu/video/7196958093996084481?lang=ja-JP,配信中,7062602315437522946,1757070432627745,2023/02/06,動画視聴,"1,300,000","1,800,000","¥1,800,000","¥600,000","¥581,519",¥1.38,¥1.00,138.46%,¥0.35,9.43,"3,679",0.20%,11,0.001%,46,0.003%,86,0.005%,"3,822",0.21%,¥0,¥345,"1,684,860",0,0.00%,"817,087",48.50%,2.06,"1,601,271",38.55%,"617,299",11.37%,"182,075",6.00%,"96,007","175,039","233,776","504,695",3.73,7.31,"115,140",¥1.6,,,,
,花王株式会社,Primavista,フェイスパウダー（ベスコス編）,メイクアップ,https://www.tiktok.com/@tobuy_desu/video/7199552272488058114?lang=ja-JP,配信中,7062602315437522946,1757704438345778,2023/02/13,動画視聴,"1,300,000","2,000,000","¥1,800,000","¥600,000","¥597,159",¥1.38,¥0.90,153.85%,¥0.32,11.87,"6,112",0.31%,23,0.001%,49,0.002%,154,0.008%,"6,338",0.32%,¥0,¥318,"1,873,090",0,0.00%,"1,018,659",54.38%,1.84,"1,769,057",42.08%,"744,495",12.31%,"217,731",5.64%,"99,819","146,979","235,105","494,588",4.04,7.01,"126,910",¥1.8,,,,
,花王株式会社,IROKA,,日用品,https://www.tiktok.com/@tobuy_desu/video/7199928951005793538?_r=1&_t=8eJB4PhPQM3,配信中,7194319001038684161,1757795812255762,2023/02/14,動画視聴,"2,000,000","2,600,000","¥2,500,000","¥760,000","¥751,593",¥1.25,¥0.96,130.00%,¥0.32,17.48,"7,862",0.30%,24,0.001%,107,0.004%,265,0.010%,"8,258",0.32%,¥118,¥322,"2,327,093","6,340",0.27%,"1,247,394",53.60%,1.87,"2,216,411",43.34%,"960,571",18.39%,"407,549",4.71%,"104,336","175,215","249,190","536,670",4.12,7.32,"272,907",,¥0.7,¥394.3,¥24.0,¥302.7
,株式会社サン・スマイル,JMsolution,日焼け止め,スキンケア,https://vt.tiktok.com/ZS8mwrFW4/,配信中,7194318364611854338,1758430925998114,2023/02/21,動画視聴,"1,000,000","1,700,000","¥1,300,000","¥380,000","¥375,392",¥1.30,¥0.76,170.00%,¥0.25,13.82,"16,179",0.95%,54,0.003%,159,0.009%,"1,452",0.085%,"17,844",1.05%,¥71,¥246,"1,523,729","5,283",0.35%,"1,040,288",68.27%,1.46,"1,420,049",58.98%,"837,553",30.17%,"428,362",10.82%,"153,616","298,212","433,331","648,280",5.68,7.75,"176,271",¥2.4,¥1.5,¥246.1,¥8.5,¥72.9
,アモーレパシフィックジャパン株式会社,ETUDE,ニューイヤーコレクション,メイクアップ,https://www.tiktok.com/@tobuy_desu/video/7203631349494795521?lang=ja-JP,配信中,7199976615009419265,1758701302473778,2023/02/24,動画視聴,"1,000,000","1,500,000","¥1,300,000","¥450,000","¥436,379",¥1.30,¥0.87,150.00%,¥0.29,19.81,"18,200",0.00%,72,0.00%,217,0.010%,305,0.020%,"18,794",1.25%,¥100,¥293,"1,489,055.00","4,337",0.29%,"770,422.00",51.74%,1.93,"1,384,780",41.63%,"576,461",15.22%,"210,729",3.85%,"53,271","109,405","156,404","271,938",3.95,7.11,"10,945",¥1.7,¥0.9,¥299.7,¥24.4,¥69.2
,ライオン株式会社,アクロン,アクロンスマートケア,日用品,https://vt.tiktok.com/ZS8HKcPYp/,配信中,7204764417722990593,1758976336798769,2023/02/27,動画視聴,"2,000,000","2,900,000","¥2,500,000","¥760,000","¥749,551",¥1.25,¥0.86,145.00%,¥0.29,16.3,"6,609",0.23%,16,0.001%,100,0.003%,127,0.004%,"6,852",0.24%,¥0,¥290,"2,581,549",0,0.00%,"1,500,397",58.12%,1.72,"2,469,568",68.49%,"1,691,506",30.61%,"755,947",8.41%,"207,608","315,264","519,190","1,114,638",6.99,11.50,"318,451",,,,,
,株式会社サン・スマイル,RISM,美容ケア,スキンケア,https://www.tiktok.com/@tobuy_desu/video/7205497860119350530,配信中,7204658059963138050,1759156896541714,2023/03/01,動画視聴,"1,000,000","1,900,000","¥1,300,000","¥380,000","¥376,373",¥1.30,¥0.68,190.00%,¥0.23,15.16,"18,200",0.96%,101,0.005%,93,0.005%,"1,645",0.087%,"20,039",1.05%,¥75,¥230,"1,629,979","4,969",0.30%,"1,039,308",63.76%,1.57,"1,527,770",59.64%,"911,200",28.83%,"440,384",14.49%,"221,333","332,362","387,771","620,852",5.97,8.77,"270,021",¥2.4,,,,
,株式会社サン・スマイル,IEAPA,カクタスバンド,日用品,https://www.tiktok.com/@tobuy_desu/video/7205497683161664770?lang=ja-JP,配信中,7204657656206835713,1759157492537393,2023/03/01,動画視聴,"1,000,000","1,600,000","¥1,300,000","¥380,000","¥377,768",¥1.30,¥0.81,160.00%,¥0.28,15.12,"2,591",0.00%,47,0.00%,52,0.010%,81,0.005%,"2,771",0.17%,¥86,¥282,"1,337,687","4,352",0.33%,"928,618.00",69.42%,1.44,"1,270,093",63.26%,"803,487",32.90%,"417,863",10.27%,"130,466","218,974","298,118","640,468",5.94,8.13,"262,313",,,,,
,ピアス株式会社,デジャヴュ,マスカラ,メイクアップ,https://vt.tiktok.com/ZS893P9hq/,配信中,7189153445973164034,1759239512336418,2023/03/02,動画視聴,"2,000,000","2,700,000","¥2,500,000","¥760,000","¥733,252",¥1.25,¥0.93,135.00%,¥0.29,14.89,"11,518",0.43%,42,0.002%,46,0.002%,185,0.007%,"11,791",0.44%,¥114,¥286,"2,560,594","6,384",0.25%,"1,552,308",60.62%,1.65,"2,395,220",57.72%,"1,382,576",19.84%,"475,146",3.79%,"90,880","174,530","316,907","723,048",4.02,6.20,"139,406",¥0.8,,,,
,株式会社サン・スマイル,/IM meme,美容ケア,メイクアップ,https://www.tiktok.com/@tobuy_desu/video/7208383784708820225,配信中,7208384682617061378,1759866195450897,2023/03/09,動画視聴,"1,000,000","1,400,000","¥1,300,000","¥380,000","¥370,492",¥1.30,¥0.93,140.00%,¥0.28,13.28,"6,838",0.49%,17,0.001%,58,0.004%,136,0.010%,"7,049",0.50%,¥0,¥284,"1,302,890",0,0.00%,"710,702",54.55%,1.83,"1,213,604",50.48%,"612,662",19.54%,"237,160",7.42%,"90,070","134,910","220,643","409,384",4.72,8.05,"97,110",¥3.5,,,,
,株式会社サン・スマイル,CHOOSYmoist,グッドナイトジェリーパック,スキンケア,https://www.tiktok.com/@tobuy_desu/video/7210970386958175489,配信中,7210971181027999746,1760491350575121,2023/03/16,動画視聴,"1,150,000","1,900,000","¥1,300,000","¥520,000","¥507,562",¥1.13,¥0.68,165.22%,¥0.30,16.93,"18,362",0.97%,145,0.008%,128,0.007%,249,0.013%,"18,884",0.99%,¥0,¥300,"1,690,520",0,0.00%,"944,468",55.87%,1.79,"1,554,762",58.85%,"914,948",23.01%,"357,714",5.28%,"82,077","183,692","277,787","652,257",5.71,9.40,"209,480",¥1.4,¥0.7,#DIV/0!,¥15.8,¥68.8
,株式会社コーセー,スティーブンノル,スティーブンノル/リペアコントロール,ヘアケア・スタイリング,https://www.tiktok.com/@tobuy_desu/video/7212501073393732866,配信中,7204734832272801793,1760864666911746,2023/03/20,動画視聴,"1,500,000","2,400,000","¥2,500,000","¥700,000","¥688,122",¥1.67,¥1.04,160.00%,¥0.30,"16,25","12,239",0.51%,20,0.001%,159,0.007%,640,0.027%,"13,058",0.54%,¥94,¥304,"2,256,910","7,279",0.32%,"996,904",44.17%,2.26,"2,104,722",57.93%,"1,219,336",20.82%,"438,284",4.48%,"94,234","153,965","246,528","666,823",4.29,9.06,"143,090",,,,,
,ピアス株式会社,デジャヴュ,極細クリームペンシル,メイクアップ,https://vt.tiktok.com/ZS8ncCs9B/,配信中,7189153445973164034,1761137195445250,2023/03/23,動画視聴,"2,000,000","2,500,000","¥2,500,000","¥760,000","¥733,517",¥1.25,¥1.00,125.00%,¥0.31,17.41,"6,378",0.26%,68,0.003%,45,0.002%,76,0.003%,"6,567",0.26%,¥0,¥313,"2,343,531",0,0.00%,"1,418,657",60.54%,1.65,"2,176,015",61.45%,"1,337,213",20.72%,"450,887",7.19%,"156,355","233,990","353,114","608,844",5.45,8.36,"156,469",¥1.8,,,,
,株式会社マンダム,ビフェスタ,クレイパック,スキンケア,https://www.tiktok.com/@tobuy_desu/video/7220293612297374978?lang=ja-JP,配信中,7175089004474318850,1762767374008322,2023/04/10,動画視聴,"2,000,000","3,000,000","¥2,500,000","¥760,000","¥746,045",¥1.25,¥0.83,150.00%,¥0.29,15.49,"24,000",0.00%,38,0.00%,195,0.010%,"2,863",0.095%,"27,096",0.90%,¥95,¥292,"2,547,569","7,789",0.31%,"1,406,673.00",55.22%,1.81,"2,382,741",51.52%,"1,227,606",21.52%,"512,711",5.15%,"122,649","243,139","431,781","705,173",4.32,7.31,"452,431",¥1.8,,,,
,花王株式会社,Liese,毛流れそろうオイルミスト,ヘアケア・スタイリング,https://vt.tiktok.com/ZSLHwkskd/,配信中,7078872325327781890,1762771598752769,2023/04/10,動画視聴,"2,000,000","3,100,000","¥2,500,000","¥850,000","¥838,977",¥1.25,¥0.81,155.00%,¥0.30,14.37,"13,300",0.43%,90,0.003%,290,0.009%,341,0.011%,"14,021",0.45%,¥0,¥298,"2,807,136",0,0.00%,"1,283,137",45.71%,2.19,"2,607,237",,"1,021,968",17.37%,"452,792",,"160,171","311,643","453,017","667,210",4.92,10.00,,,,,,
,日本ロレアル株式会社,メイベリン ニューヨーク,メイベリン,メイクアップ,https://www.tiktok.com/@tobuy_desu/video/7225879767797566738,配信中,7225801075670958082,1764132659653634,2023/04/25,動画視聴,"1,000,000","1,100,000","¥1,300,000","¥414,212","¥411,247",¥1.30,¥1.18,110.00%,¥0.40,21.66,"1,945",0.18%,0,0.000%,22,0.002%,45,0.004%,"2,012",0.18%,¥148,¥404,"1,016,714","2,767",0.27%,"218,451",21.49%,4.65,"951,068",20.79%,"197,715",6.34%,"60,334",1.58%,"15,026","28,772","42,673","74,825",2.37,10.33,"83,286",¥11.4,¥2.3,¥469.8,¥86.5,¥646.1
,株式会社カネボウ化粧品	,KATE,フィルターカバーブラシ,メイクアップ,https://www.tiktok.com/@tobuy_desu/video/7225817555678809345,配信中,7130831028008058881,1764116569389105,2023/04/25,動画視聴,"2,000,000","2,800,000","¥2,500,000","¥760,000","¥758,122",¥1.25,¥0.89,140.00%,¥0.29,15.88,"22,000",0.79%,51,0.002%,74,0.003%,553,0.020%,"22,678",0.81%,¥0,¥288,"2,626,595",0,0.00%,"1,205,395",45.89%,2.18,"2,455,804",49.60%,"1,218,168",22.49%,"552,393",,"190,658","384,818","549,616","736,396",5.83,11.88,173405,¥1.1,¥0.5,#DIV/0!,¥13.1,¥110.2
,株式会社スタイリングライフ・ホールディングス,サボリーノ,サボリーノ,スキンケア,https://www.tiktok.com/@tobuy_desu/video/7225880571258375432,配信中,7225799585141161985,1764135280203778,2023/04/25,動画視聴,"2,000,000","3,200,000","¥2,500,000","¥850,000","¥839,218",¥1.25,¥0.78,160.00%,¥0.29,19.43,"16,628",0.52%,66,0.002%,143,0.004%,132,0.004%,"16,969",0.53%,¥0,¥290,"2,892,099",0,0.00%,"1,402,382",48.49%,2.06,"2,661,698",49.63%,"1,320,900",13.32%,"354,573",4.83%,"128,635","237,083","305,347","494,372",4.82,9.15,"307,901",¥1.8,,,,
,楽天グループ株式会社,韓国コスメフェス,コスメフェス,その他,https://www.tiktok.com/@tobuy_desu/video/7231126076179680539,配信中,7248936224260472833,1770009698116625,2023/05/09,動画視聴,"1,500,000","2,100,000","¥2,000,000","¥700,000","¥681,151",¥1.33,¥0.95,140.00%,¥0.31,26.56,"9,806",0.47%,42,0.002%,98,0.005%,66,0.003%,"10,012",0.48%,¥78,¥307,"2,217,318","8,632",0.39%,"1,145,447",51.66%,1.94,"2,043,327",48.96%,"1,000,372",17.01%,"347,658",3.69%,"75,483","163,493","222,796","364,138",4.51,8.04,,,,,,
,花王株式会社,エッセンシャル,バリアシャンプー,ヘアケア・スタイリング,https://vt.tiktok.com/ZSLHwXCLg/,配信終了,7164268767529238529,1766141624647698,2023/05/12,動画視聴,"700,000","1,200,000","¥500,000","¥320,000","¥303,158",¥0.71,¥0.42,171.43%,¥0.26,16.79,"8,602",0.72%,39,0.003%,83,0.007%,127,0.011%,"8,851",0.74%,¥86,¥263,"1,153,431",0,0.00%,"442,800",38.39%,2.6,"1,077,400",41.36%,"445,593",11.09%,"119,457",3.15%,"33,963","62,217","92,395","156,725",3.47,8.44,"46,569",,,,,
,花王株式会社,Primavista,スキンプロテクトベース,メイクアップ,https://www.tiktok.com/@tobuy_desu/video/7234014913990118658?lang=ja-JP,配信中,7062602315437522946,1766117424755729,2023/05/17,動画視聴,"1,000,000","2,100,000","¥2,500,000","￥850,000","¥444,134",¥2.50,¥1.19,210.00%,¥0.24,14.63,"19,058",0.91%,35,0.002%,150,0.007%,"3,444",0.164%,"22,687",1.08%,¥81,¥242,"1,829,939","5,425",0.30%,"1,064,524",58.17%,1.72,"1,709,367",56.86%,"972,027",33.96%,"580,552",8.77%,"149,939","253,720","475,661","734,353",5.69,9.14,"270,061",¥0.5,¥0.2,¥460.8,¥16.7,¥110.2
,株式会社ウテナ,ミーアンドハ―,ミーアンドハ―,ヘアケア・スタイリング,https://www.tiktok.com/@tobuy_desu/video/7235852232489504008?lang=ja-JP,配信中,7235853443947151362,1766569072018449,2023/05/22,動画視聴,"1,000,000","1,200,000","¥1,300,000","¥380,000","¥376,501",¥1.30,¥1.08,120.00%,¥0.35,78,"4,333",0.36%,9,0.001%,41,0.003%,72,0.006%,"4,455",0.37%,¥140,¥346,"1,088,155","2,673",0.25%,"603,313",55.44%,1.8,"1,026,901",41.55%,"426,639",16.87%,"173,242",0.50%,"5,153","10,377","23,844","52,685",5.04,8.58,"111,845",,¥2.1,¥486.3,¥252.3,¥291.8
,花王株式会社,Liese,前髪パウダー,ヘアケア・スタイリング,https://vt.tiktok.com/ZSLHwRvV3/,配信終了,7078872325327781890,1766565260174353,2023/05/22,動画視聴,"2,000,000","3,300,000","¥2,500,000","¥850,000","¥681,151",¥1.25,¥0.76,165.00%,¥0.31,17.46,"13,000",0.39%,87,0.003%,98,0.003%,263,0.008%,"13,448",0.41%,¥78,¥307,"2,217,318","8,632",0.39%,"1,145,447",51.66%,1.94,"2,043,327",48.96%,"1,000,372",17.01%,"347,658",3.69%,"75,483","163,493","222,796","364,138",4.51,8.04,"1,082,682",,,,,
,花王株式会社,Liese,ストレートローション,ヘアケア・スタイリング,https://www.tiktok.com/@tobuy_desu/video/7239559952082291970?_r=1&_t=8eJB5jA2M8F,配信中,7078872325327781890,1767471994993698,2023/06/01,動画視聴,"2,000,000","3,400,000","¥2,500,000","￥850,000","¥830,493",¥1.25,¥0.74,170.00%,¥0.27,17.18,"32,585",0.96%,55,0.002%,482,0.014%,"2,354",0.069%,"35,476",1.04%,¥0,¥266,"3,115,525",0,0.00%,"1,558,130",50.01%,2,"2,919,966",35.62%,"1,040,129",13.04%,"380,714",,"153,962","217,443","298,237","536,455",4.62,8.66,"284,475",,,,,
,花王株式会社,ビオレＺ,さらひや肌感ジュレ,日用品,https://www.tiktok.com/@tobuy_desu/video/7241036986046237960?_r=1&_t=8eJB7h1LKUs,配信終了,7234818896140812290,1767832518608914,2023/06/05,動画視聴,"2,000,000","3,000,000","¥2,500,000","￥850,000","¥746,045",¥1.25,¥0.83,150.00%,¥0.29,17.51,"24,000",0.80%,43,0.001%,195,0.007%,820,0.027%,"25,058",0.84%,¥95,¥292,"2,547,569","7,789",0.31%,"1,406,673",55.22%,1.81,"2,382,741",51.52%,"1,227,606",21.52%,"512,711",5.15%,"122,649","243,139","431,781","705,173",4.32,7.31,"452,431",,,,,
,サラヤ株式会社,ラカント,低糖質ケアスムージー,食品,https://vt.tiktok.com/ZSLHwWK7K/,配信中,7233955467133812737,1768657635151889,2023/06/14,動画視聴,"1,000,000","1,500,000","¥1,300,000","¥450,000","¥450,000",¥1.30,¥0.87,150.00%,¥0.32,18.39,"13,981",0.93%,16,0.001%,94,0.006%,122,0.008%,"14,213",0.95%,¥98,¥321,"1,398,355","4,586",0.33%,"799,215",57.15%,1.75,"1,315,562",56.50%,"743,310",15.95%,"209,886",3.47%,"45,651","70,472","111,281","401,037",4.28,7.05,"101,645",,¥1.7,¥283.5,¥28.5,¥91.5
,アンド・ナイン株式会社,プルント,プルント（うねり訴求）,ヘアケア・スタイリング,https://vt.tiktok.com/ZSLHwMY91/,配信中,7242221983465799682,1768645354951730,2023/06/14,動画視聴,,"2,100,000",,,¥0,#DIV/0!,¥0.00,#DIV/0!,#DIV/0!,13.24,"12,100",0.58%,,0.000%,0,0.000%,141,0.007%,"12,241",0.58%,¥0,¥0,0,0,0.00%,0,#DIV/0!,0,0,#DIV/0!,0,#DIV/0!,0,#DIV/0!,0,0,0,0,0.00,0.00,,,,,,
,アンド・ナイン株式会社,プルント,プルント（香り訴求）,ヘアケア・スタイリング,https://vt.tiktok.com/ZSLHwMwtt/,配信中,7242221983465799682,1777521417228321,2023/06/14,動画視聴,,"420,200",,,¥0,#DIV/0!,¥0.00,#DIV/0!,#DIV/0!,13.93,"4,662",1.11%,22,0.005%,0,0.000%,19,0.005%,"4,703",1.12%,¥0,¥0,0,0,0.00%,0,#DIV/0!,0,0,#DIV/0!,0,#DIV/0!,0,#DIV/0!,0,0,0,0,0.00,0.00,,,,,,
,花王株式会社,Primavista,あぶらとりパウダー,メイクアップ,https://www.tiktok.com/@tobuy_desu/video/7199552272488058114?lang=ja-JP,配信中,7062602315437522946,1777724872400946,2023/06/16,動画視聴,"2,000,000","2,300,000","¥2,500,000","¥850,000","¥416,003",¥1.25,¥1.09,115.00%,¥0.28,15.49,"36,000",1.57%,60,0.003%,35,0.002%,"8,166",0.355%,"44,261",1.92%,¥95,¥282,"1,473,851","4,352",0.30%,"1,109,838",75.30%,1.33,"1,404,220",70.92%,"995,885",43.56%,"611,721",11.78%,"165,466","330,938","623,989","796,821",5.52,6.99,,¥0.0,,,,
,ピアス株式会社,パラドゥ,アイブロウマスカラ,メイクアップ,https://vt.tiktok.com/ZSLyKchcK/,配信中,7241503499303813122,1769287747520529,2023/06/21,動画視聴,"2,000,000","2,000,000","¥2,500,000","¥850,000","¥807,137",¥1.25,¥1.25,100.00%,¥0.33,19.92,"1,670",0.08%,25,0.001%,79,0.004%,270,0.014%,"2,044",0.10%,¥104,¥333,"2,416,903","7,710",0.32%,"1,638,081",67.78%,1.48,"2,250,799",52.61%,"1,184,156",31.15%,"701,175",2.22%,"49,861","83,050","169,811","765,473",4.57,6.28,,¥1.5,,,,
,青山商事株式会社,洋服の青山,ブラウス,その他,https://vt.tiktok.com/ZSLHwPdAo/,配信中,7242570959008301058,1769293427540002,2023/06/21,動画視聴,"1,500,000","1,700,000","¥2,000,000","￥700,000","¥645,713",¥1.33,¥1.18,113.33%,¥0.41,19.74,"4,769",0.28%,6,0.000%,27,0.002%,63,0.004%,"4,865",0.29%,¥134,¥407,"1,582,672","4,808",0.30%,"1,149,393",72.62%,1.38,"1,485,108",43.09%,"639,894",17.21%,"255,607",2.83%,"42,102","73,965","138,093","318,521",3.88,5.01,"117,328",,,,,
,ピアス株式会社,パラドゥ,ペンシルアイライナー,メイクアップ,https://vt.tiktok.com/ZSLyKtGh4/,配信中,7241503499303813122,1769292667045937,2023/06/21,動画視聴,"2,000,000","2,600,000","¥2,500,000","¥850,000","¥847,726",¥1.25,¥0.96,130.00%,¥0.35,17.39,"6,421",0.25%,35,0.001%,54,0.002%,83,0.003%,"6,593",0.25%,¥116,¥351,"2,410,221","7,283",0.30%,"1,401,147",58.13%,1.72,"2,245,405",52.24%,"1,172,957",28.48%,"639,502",4.67%,"104,752","208,101","315,879","785,791",4.73,7.58,"189,779",¥1.4,,,,
,楽天グループ株式会社,韓国コスメフェス,韓国コスメフェス,その他,https://vt.tiktok.com/ZSLyaHjAC/,配信中,7248936224260472833,1770009698116625,2023/06/29,動画視聴,"2,000,000","2,400,000","¥2,500,000","¥850,000","¥681,151",¥1.25,¥1.04,120.00%,¥0.31,22.22,"10,000",0.42%,36,0.002%,98,0.004%,130,0.005%,"10,264",0.43%,¥78,¥307,"2,217,318","8,632",0.39%,"1,145,447",51.66%,1.94,"2,043,327",48.96%,"1,000,372",17.01%,"347,658",3.69%,"75,483","163,493","222,796","364,138",4.51,8.04,"182,682",,,,,
,花王株式会社,エッセンシャル,ウォータートリートメント,ヘアケア・スタイリング,https://www.tiktok.com/@tobuy_desu/video/7252144797786361096?is_from_webapp=1&sender_device=pc&web_id=7219102659260581377,配信中,7164268767529238529,1770544051962898,2023/07/05,動画視聴,"2,000,000","2,900,000","¥2,500,000","¥850,000","¥846,829",¥1.25,¥0.86,145.00%,¥0.34,21.9,"6,721",0.23%,36,0.001%,128,0.004%,93,0.003%,"6,978",0.24%,¥94,¥342,"2,475,948","8,958",0.36%,"1,275,716",51.52%,1.94,"2,326,924",46.29%,"1,077,126",17.41%,"405,112",3.91%,"91,024","200,913","326,445","420,190",4.46,8.14,"424,052",,,,,
,花王株式会社,Liese,泡カラー（HERO）,ヘアケア・スタイリング,https://vt.tiktok.com/ZSNhskqpw/,配信中,7078872325327781890,1776983994527746,2023/07/10,動画視聴,"2,000,000","2,700,000","¥2,500,000","¥1,393,175","¥1,393,175",¥1.25,¥0.93,135.00%,¥0.33,14.63,"9,141",0.00%,60,0.00%,221,0.010%,292,0.011%,"9,714",0.36%,¥0,¥333,"4,177,791",0,0.00%,"2,146,876",51.39%,1.95,"4,125,475",49.50%,"2,042,236",24.71%,"1,019,500",2.65%,"109,229","331,013","506,029","849,123",5.81,11.17,,,,,,
,花王株式会社,Liese,泡カラー（HUB）,ヘアケア・スタイリング,https://vt.tiktok.com/ZSNhskHNS/,配信中,7078872325327781890,1778970392847377,2023/07/14,動画視聴,"2,000,000","2,200,000","¥2,000,000","¥714,875","¥706,321",¥1.00,¥0.91,110.00%,¥0.29,18.79,"7,528",0.00%,66,0.00%,335,0.010%,501,0.023%,"8,430",0.38%,¥0,¥287,"2,456,854",0,0.00%,"1,055,452",42.96%,2.33,"2,440,358",37.57%,"916,897",13.75%,"335,665",0.99%,"24,147","46,587","82,401","241,676",3.93,9.08,,,¥1.1,#DIV/0!,¥82.8,¥237.2
,花王株式会社,エッセンシャル,バリアシャンプー・トリートメント,ヘアケア・スタイリング,https://www.tiktok.com/@tobuy_desu/video/7258144556951080200?lang=ja-JP,配信中,7164268767529238529,1772009574603778,2023/07/21,動画視聴,"1,000,000","4,300,000","¥1,300,000","¥450,000","¥447,574",¥1.30,¥0.30,430.00%,¥0.33,14.79,"4,895",0.11%,68,0.002%,100,0.002%,88,0.002%,"5,151",0.12%,¥115,¥331,"1,348,416","3,891",0.29%,"755,503",56.03%,1.78,"1,281,682",46.36%,"594,212",16.98%,"217,646",6.41%,"82,197","116,177","166,094","308,527",3.94,6.69,,,,,,
,花王株式会社,ケープ,キープウォーター,ヘアケア・スタイリング,https://www.tiktok.com/@tobuy_desu/video/7264774002525113601?is_from_webapp=1&sender_device=pc&web_id=7219102659260581377,配信中,7151369742064861186,1773628103160833,2023/08/08,動画視聴,"2,000,000","2,900,000","¥2,500,000","¥850,000","¥845,958",¥1.25,¥0.86,145.00%,¥0.34,16.46,"17,500",0.60%,94,0.003%,218,0.008%,348,0.012%,"18,160",0.63%,¥88,¥336,"2,513,659","9,559",0.38%,"1,283,547",51.06%,1.96,"2,432,027",35.58%,"865,265",14.38%,"349,670",7.39%,"179,772","252,616","307,269","478,632",3.79,7.19,"386,341",,,,,
,花王株式会社,Liese,前髪パウダー,ヘアケア・スタイリング,https://www.tiktok.com/@tobuy_desu/video/7270349519273905416?lang=ja-JP,配信中,7078872325327781890,1774995064661009,2023/08/23,動画視聴,"1,500,000","2,700,000","¥2,000,000","¥700,000","¥692,444",¥1.33,¥0.74,180.00%,¥0.30,20.2,"7,409",0.27%,36,0.001%,142,0.005%,127,0.005%,"7,714",0.29%,¥0,¥298,"2,321,115",0,0.00%,"1,665,044",71.73%,1.39,"2,268,411",69.43%,"1,574,954",37.21%,"843,977",5.31%,"120,509","238,704","623,691","900,148",6.35,8.65,"378,885",,,,,
,楽天グループ株式会社,楽天ラグジュアリービューティー,韓国楽天コスメ,その他,https://www.tiktok.com/@tobuy_desu/video/7273767280629026055?lang=ja-JP,配信中,7248936224260472833,1775822890392594,2023/09/01,動画視聴,"2,000,000","2,300,000","¥2,500,000","¥850,000","¥699,134",¥1.25,¥1.09,115.00%,¥0.36,24.59,"16,000",0.70%,29,0.001%,75,0.003%,154,0.007%,"16,258",0.71%,¥96,¥356,"1,963,782","7,281",0.37%,"1,059,514",53.95%,1.85,"1,934,193",49.83%,"963,831",18.58%,"359,292",2.32%,"44,810","111,585","184,257","348,216",4.20,7.67,"336,218",,,,,
,Ripre/ver1,,,その他,https://www.tiktok.com/@tobuy_desu/video/7274806520792009986?lang=ja-JP,配信中,7273367821093158913,1776079284949009,2023/09/04,動画視聴,"2,000,000","2,400,000",,"¥625,000","¥678,760",¥0.00,¥0.00,120.00%,¥0.33,17.93,"16,000",0.00%,87,0.00%,93,0.010%,"2,256",0.094%,"18,436",0.77%,¥66,¥332,"2,042,136.00","10,203",0.50%,"1,422,459.00",69.66%,1.44,"1,991,250",67.55%,"1,345,017",35.76%,"712,113",5.50%,"109,574","175,528","368,546","879,281",5.31,7.44,"357,864",,,,,
,株式会社カネボウ化粧品	,TWANY,リズムシームレスウェア,メイクアップ,https://www.tiktok.com/@tobuy_desu/video/7277395731550440711?lang=ja-JP,配信中,7267131506278105090,1776721611011122,2023/09/11,動画視聴,"1,000,000","1,700,000","¥1,300,000","¥450,000","¥449,459",¥1.30,¥0.76,170.00%,¥0.29,14.12,"4,897",0.29%,13,0.001%,39,0.002%,96,0.006%,"5,045",0.30%,¥80,¥286,"1,567,985","5,561",0.35%,"1,008,547",64.32%,1.55,"1,522,194",78.07%,"1,188,348",43.01%,"654,694",7.03%,"107,016","195,535","480,041","930,976",5.62,8.49,"132,015",¥0.0,,,,
,サラヤ株式会社,へるしごはん,へるしごはん,食品,https://www.tiktok.com/@moshiyome_tobuy/video/7280444822517845256?lang=ja-JP,配信中,7272635571317653505,1777457052799025,2023/09/19,動画視聴,"1,000,000","1,800,000","¥1,000,000","¥500,000","¥499,681",¥1.00,¥0.56,180.00%,¥0.33,15.09,"3,402",0.19%,9,0.001%,17,0.001%,14,0.001%,"3,442",0.19%,¥92,¥325,"1,534,217","5,424",0.35%,"894,295",58.29%,1.72,"1,490,954",69.33%,"1,033,654",32.51%,"484,717",7.35%,"109,551","160,464","340,035","615,582",4.93,8.22,"265,783",,,,,
,エステー株式会社,消臭力,消臭スプレー,日用品,https://www.tiktok.com/@tobuy_desu/video/7280732390178180370?lang=ja-JP,配信中,7268486232340971521,1777527521838098,2023/09/20,動画視聴,"1,500,000","2,100,000","¥2,000,000","¥700,000","¥700,000",¥1.33,¥0.95,140.00%,¥0.40,15.12,"7,242",0.34%,32,0.002%,125,0.006%,105,0.005%,"7,504",0.36%,¥0,¥398,"1,757,274",0,0.00%,"1,142,442",65.01%,1.54,"1,713,258",59.26%,"1,015,265",18.74%,"321,086",6.61%,"113,287","170,401","268,185","551,455",4.43,6.64,"342,726",,,,,
,株式会社創通メディカル,マイトレックス,ヘッドスパプロ,日用品,https://www.tiktok.com/@moshiyome_tobuy/video/7280784940856298760?is_from_webapp=1&sender_device=pc&web_id=7219102659260581377,配信中,7247451702071230465,1777536483793970,2023/09/20,動画視聴,"2,500,000","4,000,000","¥2,500,000","¥1,200,000","¥1,198,133",¥1.00,¥0.63,160.00%,¥0.34,17.67,"17,100",0.43%,170,0.004%,268,0.007%,157,0.004%,"17,695",0.44%,¥0,¥344,"3,474,084",0,0.00%,"2,442,651",70.31%,1.42,"3,386,298",62.60%,"2,119,709",21.48%,"727,354",5.91%,"200,291","285,087","414,882","894,362",4.54,6.30,"525,916",,,,,
,Ripre/ver2,,,その他,https://www.tiktok.com/@tobuy_desu/video/7281089032824622337?lang=ja-JP,配信中,7273367821093158913,1777615617273889,2023/09/21,動画視聴,"1,500,000","2,000,000","¥2,000,000","¥700,000","¥700,000",¥1.33,¥1.00,133.33%,¥0.39,15.58,"7,357",0.00%,46,0.00%,63,0.010%,66,0.003%,"7,532",0.38%,¥74,¥389,"1,797,319","9,449",0.53%,"1,336,250",74.35%,1.35,"1,755,578",66.57%,"1,168,604",19.38%,"340,246",5.03%,"88,289","174,255","240,129","701,322",4.44,5.83,"202,681",,,,,
,花王株式会社,Primavista,デイトリートメントバーム,メイクアップ,https://www.tiktok.com/@tobuy_desu/video/7281558157015420178?lang=ja-JP,配信中,7062602315437522946,1777724872400946,2023/09/22,動画視聴,"2,000,000","2,900,000","¥2,500,000","¥850,000","¥416,003",¥1.25,¥0.86,145.00%,¥0.28,11.59,"5,701",0.20%,54,0.002%,35,0.001%,45,0.002%,"5,835",0.20%,¥95,¥282,"1,473,851","4,352",0.30%,"1,109,838",75.30%,1.33,"1,404,220",70.92%,"995,885",43.56%,"611,721",11.78%,"165,466","330,938","623,989","796,821",5.52,6.99,,¥1.8,,,,
,花王株式会社,バブ,あふだけ,日用品,https://www.tiktok.com/@moshiyome_tobuy/video/7282581590654471425?is_from_webapp=1&sender_device=pc&web_id=7219102659260581377,配信中,7278541720642633730,1777975533452338,2023/09/25,動画視聴,"1,000,000","1,700,000","¥1,000,000","¥500,000","¥499,998",¥1.00,¥0.59,170.00%,¥0.34,19.16,"6,451",0.38%,33,0.002%,34,0.002%,55,0.003%,"6,573",0.39%,¥94,¥338,"1,478,937","5,272",0.36%,"1,162,097",78.58%,1.27,"1,442,631",57.69%,"832,293",36.29%,"523,568",6.39%,"92,124","209,945","352,212","617,509",5.84,7.25,"221,063",,,,,
,花王株式会社,Primavista,スキンプロテクトベース,メイクアップ,https://www.tiktok.com/@tobuy_desu/video/7285246510931954962?lang=ja-JP,配信中,7062602315437522946,1778801110721538,2023/10/02,動画視聴,"1,000,000","3,600,000","¥1,500,000","¥520,000","¥623,199",¥1.50,¥0.42,360.00%,¥0.35,16,"9,636",0.27%,33,0.001%,39,0.001%,270,0.008%,"9,978",0.28%,¥110,¥348,"1,790,372","5,661",0.32%,"1,073,074",59.94%,1.67,"1,759,733",70.96%,"1,248,664",15.79%,"277,852",3.19%,"56,211","91,009","162,457","459,163",3.74,6.14,,¥0.9,,,,
,株式会社ファンケル,	FANCL,カロリミットブレンド茶,食品,https://www.tiktok.com/@tobuy_desu/video/7286341027714190594?lang=ja-JP,配信中,7283003050980196354,1778884097780850,2023/10/05,動画視聴,"1,000,000","1,600,000","¥1,300,000","¥450,000","¥450,000",¥1.30,¥0.81,160.00%,¥0.31,9.66,"2,914",0.18%,47,0.003%,58,0.004%,15,0.001%,"3,034",0.19%,¥0,¥310,"1,447,037",0,0.00%,"983,998",68.00%,1.47,"1,399,148",69.20%,"968,180",15.47%,"216,393",6.96%,"97,387","145,968","303,609","886,683",3.92,5.58,"152,963",,,,,
,花王株式会社,Liese,ニュアンススタイリングオイル,ヘアケア・スタイリング,https://www.tiktok.com/@tobuy_desu/video/7288170558582230274?lang=ja-JP,配信中,7078872325327781890,1779339960973361,2023/10/10,動画視聴,"2,000,000","3,700,000","¥2,500,000","¥850,000","¥849,990",¥1.25,¥0.68,185.00%,¥0.26,20.81,"13,900",0.38%,14,0.000%,37,0.001%,159,0.004%,"14,110",0.44%,¥0,¥259,"3,274,559",0,0.00%,"2,001,454",61.12%,1.64,"3,213,576",52.17%,"1,676,473",30.77%,"988,812",6.49%,"208,464","256,616","327,131","1,060,944",5.19,8.34,"425,441",,,,,
,イミュ株式会社,naturie,,スキンケア,https://www.tiktok.com/@tobuy_desu/video/7289040341007748359?lang=ja-JP,配信中,7288652253958045697,1779609438605314,2023/10/12,動画視聴,"1,000,000","1,700,000","¥1,300,000","¥450,000","¥450,000",¥1.30,¥0.76,170.00%,¥0.28,16.2,"8,744",0.51%,21,0.001%,82,0.005%,170,0.010%,"9,017",0.53%,¥73,277,"1,618,861","6,104",0.38%,"1,044,558",64.52%,1.55,"1,578,290",46.52%,"734,282",26.91%,"424,656",9.20%,"145,138","232,992.00","368,420.00","486,123.00",4.89,7.39,,¥2.4,,,,
,花王株式会社,Primavista,デイトリートメント２本目,メイクアップ,https://www.tiktok.com/@tobuy_desu/video/7288970269174140178?lang=ja-JP,配信中,7062602315437522946,1779534313089057,2023/10/12,動画視聴,"2,000,000","2,600,000","¥2,500,000","¥850,000","¥850,000",¥1.25,¥0.96,130.00%,¥0.35,11.56,"3,830",0.15%,19,0.001%,23,0.001%,43,0.002%,"3,915",0.15%,¥116,¥354,"2,394,940","7,319",0.31%,"1,063,673",44.41%,2.25,"2,351,688",31.30%,"736,010",12.06%,"283,496",4.65%,"109,259","173,597","290,881","500,749",2.82,6.24,"205,060",¥1.2,,,,
,小林製薬株式会社,ケアナボン,ケアナボン,日用品,https://www.tiktok.com/@tobuy_desu/video/7289296808495402247,配信中,7273657573268619266,1779613854350369,2023/10/13,動画視聴,"1,500,000","3,200,000","¥2,000,000","¥700,000","¥699,325",¥1.33,¥0.63,213.33%,¥0.24,15.33,"35,500",1.11%,122,0.004%,416,0.013%,"1,100",0.034%,"37,138",1.16%,¥0,¥244,"2,859,569",0,0.00%,"1,937,339",67.75%,1.48,"2,717,405",77.20%,"2,097,960",70.05%,"892,711",16.06%,"436,314","702,941","822,684","1,396,488",7.14,10.02,"340,431",,,,,
,小林製薬株式会社,命の母,命の母ホワイト,日用品,https://www.tiktok.com/@tobuy_desu/video/7290779312666463490?lang=ja-JP,配信中,7252253006316519426,1779967573906449,2023/10/17,動画視聴,"2,900,000","3,700,000","¥2,800,000","¥1,400,000","¥938,607",¥0.97,¥0.76,127.59%,¥0.41,18.09,"7,035",0.19%,77,0.002%,62,0.002%,78,0.002%,"7,252",0.20%,¥0,412,"2,275,963",0,0.00%,"1,324,419",58.19%,1.72,"2,257,282",29.35%,"662,488",9.42%,"212,530",2.06%,"46,453","69,721","127,329","280,597",3.24,5.52,"1,424,037",,,,,
,株式会社リンガーハット,リンガーハット,かきちゃんぽん,食品,https://www.tiktok.com/@tobuy_desu/video/7291500275142003976?lang=ja-JP,配信中,7288139027218202625,1780152359330849,2023/10/19,動画視聴,"1,000,000","1,900,000","¥1,300,000","¥450,000","¥449,995",¥1.30,¥0.68,190.00%,¥0.28,15.28,"3,005",0.16%,82,0.004%,170,0.009%,17,0.001%,"3,274",0.17%,¥0,277,"1,623,409",0,0.00%,"1,038,571",63.97%,1.56,"1,614,656",67.18%,"1,084,744",26.49%,"427,742",10.59%,"171,008","245,915","348,722","685,886",6.82,10.61,"276,591",,,,,
,株式会社ウテナ,utena,ゆず油,ヘアケア・スタイリング,https://www.tiktok.com/@tobuy_desu/video/7292998222581091592?lang=ja-JP,配信中,7275216130602532865,1780517524335650,2023/10/23,動画視聴,"1,000,000","1,500,000","¥1,300,000","¥450,000","¥449,859",¥1.30,¥0.87,150.00%,¥0.35,13.03,"2,678",0.18%,57,0.004%,36,0.002%,53,0.004%,"2,824",0.19%,¥119,353,"1,270,904","3,764",0.30%,"804,718",63.32%,1.58,"1,263,188",45.21%,"571,027",18.36%,"231,975",6.87%,"86,760","120,598","208,631","370,390",3.75,5.89,"229,096",,,,,
,花王株式会社,Primavista,乾燥くずれ防止下地(２本目）,メイクアップ,https://www.tiktok.com/@tobuy_desu/video/7294209320353402130?lang=ja-JP,配信中,7062602315437522946,1780815951168561,2023/10/26,動画視聴,"1,150,000","1,500,000",,,"¥519,995",¥0.00,¥0.00,130.43%,¥0.40,14.49,"4,172",0.28%,22,0.001%,26,0.002%,45,0.003%,"4,265",0.28%,¥129,395,"1,313,593","4,013",0.31%,"898,066",68.37%,1.46,"1,305,318",66.64%,"869,847",19.44%,"253,725",4.79%,"62,528","102,000","180,602","448,701",4.22,6.13,"186,407",¥1.4,,,,
,サントリーウエルネス株式会社,アサヒカルピスウェルネスショップ,VARON,スキンケア,https://www.tiktok.com/@tobuy_desu/video/7295568112873786625?lang=ja-JP,配信中,7286749228490276865,1781147104678962,2023/10/30,動画視聴,"1,000,000","1,100,000","¥1,300,000","¥450,000","¥450,000",¥1.30,¥1.18,110.00%,¥0.46,17.69,"4,073",0.37%,12,0.001%,15,0.001%,7,0.001%,"4,107",0.37%,¥121,455,"987,044","3,696",0.37%,"596,096",60.39%,1.66,"982,105",76.20%,"748,388",19.82%,"194,649",3.50%,"34,352","60,385","99,807","339,300",4.63,7.63,"112,956",¥0.0,,,,
,ピップ株式会社,スリムウォーク,着圧レギンス,日用品,https://www.tiktok.com/@tobuy_desu/video/7296276184642505986?lang=ja-JP,配信中,7282942618160644098,1781330214606881,2023/11/01,動画視聴,"2,500,000","3,600,000","¥2,400,000","¥1,050,000","¥1,050,000",¥0.96,¥0.67,144.00%,¥0.33,13.65,"14,600",0.41%,97,0.003%,211,0.006%,307,0.009%,"15,215",0.42%,¥0,333,"3,149,516",0,0.00%,"1,461,610",46.41%,2.15,"3,132,115",40.85%,"1,279,555",13.07%,"409,237",6.18%,"193,462","271,662","384,699","606,132",4.02,8.61,"450,484",,,,,
,花王株式会社,Liese,くっきりカールローション,ヘアケア・スタイリング,https://www.tiktok.com/@tobuy_desu/video/7296740120961764615?lang=ja-JP,配信中,7078872325327781890,1781435294543874,2023/11/02,動画視聴,"4,670,000","7,400,000","¥3,200,000","¥1,820,000","¥1,820,000",¥0.69,¥0.43,158.46%,¥0.32,14.54,"71,600",0.97%,"1,008",0.014%,558,0.008%,"1,551",0.021%,"74,717",1.01%,¥0,321,"5,667,090",0,0.00%,"2,868,903",50.62%,1.98,"5,635,173",52.24%,"2,943,916",21.50%,"1,211,707",9.25%,"521,325","897,428","1,127,051","1,923,538",5.81,11.41,"1,732,910",,,,,
,花王株式会社,ハミングフレアフレグランス,ウィンターティーの香り,日用品,https://www.tiktok.com/@tobuy_desu/video/7296673281363463425?lang=ja-JP,配信中,7288969779468337154,1781417721146418,2023/11/02,動画視聴,"2,500,000","3,500,000","¥2,400,000","¥1,050,000","¥1,050,000",¥0.96,¥0.69,140.00%,¥0.35,12.65,"35,900",1.03%,37,0.001%,170,0.005%,640,0.018%,"36,747",1.05%,¥106,345,304170200.00%,"9,834",0.32%,"1,883,020",61.91%,1.62,"3,024,301",54.13%,"1,637,154",18.30%,"553,550",5.60%,"169,355","285,006","513,970","1,040,658",3.85,6.18,"458,298",,,,,
,小林製薬株式会社,足の冷えない不思議なくつ下,足の冷えない不思議なくつ下,日用品,https://www.tiktok.com/@tobuy_desu/video/7299660214305934594?lang=ja-JP,配信中,7290467673350176770,1782140310971410,2023/11/10,動画視聴,"1,000,000","1,400,000","¥1,300,000","¥450,000","¥450,000",¥1.30,¥0.93,140.00%,¥0.38,13.96,"1,534",0.11%,34,0.002%,33,0.002%,61,0.004%,"1,662",0.12%,¥164,375,"1,197,476","2,738",0.23%,"696,587",58.17%,1.72,"1,192,428",54.47%,"649,527",24.02%,"286,449",9.05%,"107,925","157,266","237,296","453,609",4.63,7.93,"202,524",,,,,
,花王株式会社,バブ,あふだけ二本目,日用品,https://www.tiktok.com/@moshiyome_tobuy/video/7311151888001436929?lang=ja-JP,配信中,7278541720642633730,1784949756154994,2023/11/11,動画視聴,"1,000,000","1,800,000","¥1,000,000","¥500,000","¥499,996",¥1.00,¥0.56,180.00%,¥0.32,14.33,"8,573",0.48%,85,0.005%,75,0.004%,134,0.007%,"8,867",0.49%,¥83,319,"1,566,007","6,020",0.38%,"1,266,637",80.88%,1.24,"1,556,865",71.87%,"1,118,917",32.95%,"512,993",11.32%,"176,188","292,369","449,377","659,438",5.51,6.77,,,,,,
,花王株式会社,Laurier,ショーツ型ナプキン,日用品,https://www.tiktok.com/@tobuy_desu/video/7300756096531172610?lang=ja-JP,配信中,7289360328579219458,1782411982682162,2023/11/13,動画視聴,"2,000,000","3,200,000","¥2,500,000","¥850,000","¥850,000",¥1.25,¥0.78,160.00%,¥0.32,15.44,"24,200",0.76%,622,0.019%,409,0.013%,"1,266",0.040%,"26,497",0.83%,¥91,316,"2,686,561","9,341",0.35%,"2,418,926",90.04%,1.11,"2,671,916",62.43%,"1,668,009",32.82%,"876,912",14.44%,"385,833","566,078","734,290","1,047,803",6.73,7.43,"513,439",,,,,
,花王株式会社,ケープ,前髪マスカラ,ヘアケア・スタイリング,https://www.tiktok.com/@tobuy_desu/video/7303425008011840786?lang=ja-JP,配信中,7151369742064861186,1783063695956994,2023/11/20,動画視聴,"2,000,000","3,800,000","¥2,500,000","¥850,000","¥849,992",¥1.25,¥0.66,190.00%,¥0.28,12.59,"58,300",1.53%,379,0.010%,872,0.023%,"2,219",0.058%,"61,770",1.63%,¥0,283,"3,000,912",0,0.00%,"2,275,940",75.84%,1.32,"2,984,606",58.28%,"1,739,325",27.47%,"819,734",18.61%,"555,395","662,369","809,276","1,142,228",6.31,8.27,"799,088",,,,,
,楽天グループ株式会社,楽天ラグジュアリービューティー,韓国コスメフェス,その他,https://www.tiktok.com/@tobuy_desu/video/7303385425282911496?lang=ja-JP,配信中,7248936224260472833,1783054262636562,2023/11/20,動画視聴,"1,000,000","1,100,000","¥1,300,000","¥450,000","¥380,000",¥1.30,¥1.18,110.00%,¥0.52,19.74,"2,314",0.21%,20,0.002%,27,0.002%,65,0.006%,"2,426",0.22%,¥183,522,"727,743","2,067",0.28%,"492,506",67.68%,1.48,"723,546",42.53%,"307,719",15.76%,"114,032",2.87%,"20,767","37,625","65,268","145,446",3.77,5.54,"372,257",,,,,
,株式会社J-オイルミルズ,スマートグリーンパック,Wハーフ,食品,https://www.tiktok.com/@moshiyome_tobuy/video/7306343769778048274?lang=ja-JP,配信中,7244370165020786690,1783776487681137,2023/11/28,動画視聴,"3,300,000","4,800,000","¥3,000,000","¥1,200,000","¥1,200,000",¥0.91,¥0.63,145.45%,¥0.28,15.23,"21,724",0.45%,147,0.003%,145,0.003%,326,0.007%,"22,342",0.47%,¥83,283,"4,230,182","14,379",0.34%,"2,915,015",68.91%,1.45,"4,208,306",66.73%,"2,808,019",33.40%,"1,405,740",9.37%,"394,307","744,979","1,089,449","2,000,610",5.97,8.62,,,,,,
,小林製薬株式会社,寝るとき足ホットン,寝るとき足ホットン,日用品,https://www.tiktok.com/@tobuy_desu/video/7308576170935618823?lang=ja-JP,配信中,7298628555913723905,1784320641407010,2023/12/04,動画視聴,"2,000,000","4,600,000","¥3,000,000",,"¥850,000",¥1.50,¥0.65,230.00%,¥0.25,14.68,"32,000",0.70%,436,0.009%,581,0.013%,"2,113",0.046%,"35,130",0.76%,¥85,249,"3,401,464","9,985",0.29%,"2,854,016",83.91%,1.19,"3,384,988",82.41%,"2,789,437",40.47%,"1,369,981",15.58%,"527,517","849,857","1,304,966","1,754,312",7.16,8.49,"1,198,536",,,,,
,花王株式会社,Liese,ニュアンススタイリングオイル,ヘアケア・スタイリング,https://www.tiktok.com/@tobuy_desu/video/7308575103321754881?lang=ja-JP,配信中,7078872325327781890,1784320616465458,2023/12/04,動画視聴,"2,000,000","2,300,000","¥2,500,000","¥850,000","¥848,998",¥1.25,¥1.09,115.00%,¥0.41,18.67,"9,398",0.41%,26,0.001%,142,0.006%,181,0.008%,"9,747",0.42%,¥0,406,"2,088,181",0,0.00%,"1,009,782",48.36%,2.07,"2,076,106",38.72%,"803,845",14.47%,"300,367",4.10%,"85,029","108,130","172,888","383,586",4.42,9.08,"211,819",,,,,
,ライオン株式会社,hadakara,増える泡ボディーソープ,日用品,https://www.tiktok.com/@tobuy_desu/video/7308986963330223368?lang=ja-JP,配信中,7299352927171559426,1784421180387345,2023/12/05,動画視聴,"2,000,000","2,300,000","¥4,500,000","¥750,000","¥750,000",¥2.25,¥1.96,115.00%,¥0.46,12.31,"1,747",0.08%,21,0.001%,23,0.001%,45,0.002%,"1,836",0.08%,¥189,456,"1,644,590","3,959",0.24%,"867,953",52.78%,1.89,"1,636,083",33.52%,"548,466",13.20%,"215,941",5.04%,"82,499","123,589.00","210,465.00","387,992.00",3.00,5.65,"655,410",,,,,
,花王株式会社,Liese,秒で前髪復活パウダー,ヘアケア・スタイリング,https://www.tiktok.com/@tobuy_desu/video/7309297847055224082?lang=ja-JP,配信中,7078872325327781890,1784497244640321,2023/12/06,動画視聴,"1,500,000","2,300,000","¥2,000,000","¥700,000","¥700,000",¥1.33,¥0.87,153.33%,¥0.36,17.69,"15,400",0.67%,86,0.004%,260,0.011%,582,0.025%,"16,328",0.71%,¥0,360,"1,939,897",0,0.00%,"1,540,275",79.40%,1.26,"1,928,670",54.69%,"1,054,745",21.93%,"422,930",5.18%,"99,827","162,565","287,279","512,474",5.06,6.34,"360,103",,,,,
,小林製薬株式会社,あずきのチカラ,あずきのチカラ,日用品,https://www.tiktok.com/@tobuy_desu/video/7309289463153265922?lang=ja-JP,配信中,7302248127946489857,1784495561705521,2023/12/06,動画視聴,"1,000,000","1,500,000","¥1,300,000","¥450,000","¥449,995",¥1.30,¥0.87,150.00%,¥0.35,18.48,"5,823",0.39%,106,0.007%,81,0.005%,135,0.009%,"6,145",0.41%,¥114,346,"1,300,184","3,921",0.30%,"919,883",70.75%,1.41,"1,293,749",80.07%,"1,035,887",24.18%,"312,852",8.31%,"107,537","149,133","231,639","450,217",6.05,8.51,"199,816",,,,,
,花王株式会社,マジックリン,キッチンマジックリン泡ジェット,日用品,https://www.tiktok.com/@tobuy_desu/video/7311171192549936392,配信中,7301187566009827329,1784954787872833,2023/12/11,動画視聴,"1,500,000","4,500,000","¥3,000,000","¥1,400,000","¥700,000",¥2.00,¥0.67,300.00%,¥0.35,11.89,"7,773",0.17%,48,0.001%,67,0.001%,360,0.008%,"8,248",0.18%,¥123,354,"1,974,619","5,656",0.29%,"1,523,594",77.16%,1.3,"1,967,166",69.19%,"1,360,989",22.55%,"443,638",11.02%,"216,685","293,826","447,254","772,651",4.63,5.98,"2,525,381",,,,,
,花王株式会社,バブ,あふれるのはきっと、お湯だけじゃない,日用品,https://www.tiktok.com/@moshiyome_tobuy/video/7311151888001436929?lang=ja-JP,配信中,7278541720642633730,1784949756154994,2023/12/11,動画視聴,"1,000,000","1,800,000","¥1,000,000","¥500,000","¥499,996",¥1.00,¥0.56,180.00%,¥0.32,14.33,"8,551",0.48%,111,0.006%,75,0.004%,134,0.007%,"8,871",0.49%,¥83,319,"1,566,007","6,020",0.38%,"1,266,637",80.88%,1.24,"1,556,865",71.87%,"1,118,917",32.95%,"512,993",11.32%,"176,188","292,369","449,377","659,438",5.51,6.77,"233,993",,,,,
,花王株式会社,ワイドハイター,ワイドハイターexパワー,日用品,https://www.tiktok.com/@tobuy_desu/video/7311666636254153992?lang=ja-JP,配信中,7250318726904561665,1785081323380738,2023/12/12,動画視聴,"3,000,000","3,700,000","¥3,000,000","¥1,350,000","¥1,348,478",¥1.00,¥0.81,123.33%,¥0.43,11.33,"5,801",0.16%,47,0.001%,97,0.003%,185,0.005%,"6,130",0.17%,¥159,426,"3,162,543","8,459",0.27%,"1,863,651",58.93%,1.7,"3,149,298",62.79%,"1,977,367",26.77%,"842,975",9.96%,"313,561","487,075","875,123","1,493,555",4.67,7.89,"537,457",,,,,
,花王株式会社,Liese,秒で前髪復活パウダー２本目,ヘアケア・スタイリング,https://www.tiktok.com/@tobuy_desu/video/7312281777190620424?lang=ja-JP,配信中,7078872325327781890,1785226390966273,2023/12/14,動画視聴,"1,500,000","2,100,000","¥2,000,000","¥700,000","¥700,000",¥1.33,¥0.95,140.00%,¥0.41,15.23,"3,427",0.16%,56,0.003%,75,0.004%,113,0.005%,"3,671",0.17%,¥0,405,"1,726,646",0,0.00%,"1,274,007",73.79%,1.36,"1,716,454",46.69%,"801,467",22.23%,"381,516",5.29%,"90,855","190,585","328,453","585,403",5.08,6.84,"373,354",,,,,
,ライオン株式会社,hadakara,増える泡ボディーソープ2本目,日用品,https://www.tiktok.com/@tobuy_desu/video/7312665019349568775?lang=ja-JP,配信中,7299352927171559426,1785327465984034,2023/12/15,動画視聴,"2,250,000","2,500,000","¥4,500,000","¥970,000","¥968,463",¥2.00,¥1.80,111.11%,¥0.43,13.56,"16,300",0.65%,59,0.002%,95,0.004%,213,0.009%,"16,667",0.67%,¥130,430,"2,248,516","7,430",0.33%,"1,412,578",62.82%,1.59,"2,234,962",48.90%,"1,092,936",11.98%,"267,808",3.21%,"71,740","121,439","229,738","625,005",3.27,5.17,"251,484",,,,,
,HJホールディングス株式会社,Hulu,彼氏彼女訴求,その他,https://www.tiktok.com/@tobuy_desu/video/7312640648241237249?lang=ja-JP,配信中,7301245401318031361,1785313714774018,2023/12/15,動画視聴,"3,000,000","3,500,000","¥3,500,000","¥1,050,000","¥1,330,793",¥1.17,¥1.00,116.67%,¥0.46,19.3,"6,428",0.18%,76,0.002%,67,0.002%,64,0.002%,"6,635",0.19%,¥162,458,"2,905,086","8,196",0.28%,"1,816,162",62.52%,1.6,"2,889,908",55.94%,"1,616,570",20.17%,"582,968",3.18%,"91,758","144,332","279,259","858,342",4.25,6.77,"594,914",,,,,
,HJホールディングス株式会社,Hulu,独身実家訴求,その他,https://www.tiktok.com/@tobuy_desu/video/7312644670100622610?lang=ja-JP,配信中,7301245401318031361,1785314247902242,2023/12/15,動画視聴,"3,000,000","3,600,000","¥3,500,000","¥1,050,000","¥1,333,250",¥1.17,¥0.97,120.00%,¥0.44,18.67,"3,329",0.09%,24,0.001%,42,0.001%,40,0.001%,"3,435",0.10%,¥161,440,"3,028,628","8,279",0.27%,"1,901,451",62.78%,1.59,"3,015,847",66.20%,"1,996,641",27.73%,"836,359",4.97%,"149,828","238,071","398,370","1,247,250",5.14,8.15,"571,372",,,,,
,小林製薬株式会社,命の母カイロ(to buyチーム配信のみ),命の母カイロ,日用品,https://www.tiktok.com/@tobuy_desu/video/7313761443260779778?lang=ja-JP,配信中,7298173631773818882,1785586678838306,2023/12/18,動画視聴,"2,000,000","2,623,048","¥2,500,000","¥850,000","¥830,431",¥1.25,¥0.95,131.15%,¥0.40,16.72,"12,369",0.47%,259,0.010%,104,0.004%,311,0.012%,"13,043",0.50%,¥120,400,"2,072,678","6,864",0.33%,"1,571,618",75.83%,1.32,"2,060,833",59.49%,"1,226,032",26.74%,"551,167",8.13%,"167,518","233,303","361,800","716,074",5.03,6.59,"550,370",,,,,
,小林製薬株式会社,命の母カイロ(インフィード合算),命の母カイロ,日用品,https://www.tiktok.com/@tobuy_desu/video/7313761443260779778?lang=ja-JP,配信中,,,2023/12/18,動画視聴,,"3,950,000",,"¥1,448,500","¥1,428,931",#DIV/0!,¥0.00,#DIV/0!,¥0.41,16.72,"19,100",0.48%,333,0.008%,235,0.006%,311,0.008%,"19,979",0.51%,¥125,414,"3,449,630","11,366",0.33%,"2,379,083",68.97%,1.45,"3,429,970",59.94%,"2,055,860",27.11%,"929,804",8.31%,"284,989","397,754","613,688","1,210,426",5.10,7.36,,,,,,
,コーセーコスメポート株式会社,ONE BY KOSE,ONE BY KOSE セラム シールド　[医薬部外品],スキンケア,https://www.tiktok.com/@tobuy_desu/video/7314137706374728978?lang=ja-JP,配信中,7306425543530987522,1785678670517266,2023/12/19,動画視聴,"1,500,000","2,100,000","¥2,000,000","¥700,000","¥700,000",¥1.33,¥0.95,140.00%,¥0.39,13.49,"13,900",0.66%,105,0.005%,151,0.007%,897,0.043%,"15,053",0.72%,¥0,390,"1,793,907",0,0.00%,"1,204,459",67.14%,1.49,"1,786,673",66.49%,"1,187,956",23.77%,"424,634",8.47%,"151,246","258,442","402,722","666,790",5.89,8.74,"306,093",¥0.0,,,,
,株式会社ピエール ファーブル ジャポン,Avene,アベンヌウォーター,スキンケア,https://www.tiktok.com/@tobuy_desu/video/7314885534600416520?lang=ja-JP,配信中,7049900709814337537,1785862271489073,2023/12/21,動画視聴,"1,150,000","1,400,000","¥1,275,000","¥520,000","¥450,000",¥1.11,¥0.91,121.74%,¥0.49,13.49,"2,702",0.19%,26,0.002%,15,0.001%,70,0.005%,"2,813",0.20%,¥158,488,"920,749","2,840",0.31%,"648,765",70.46%,1.42,"915,260",50.76%,"464,579",16.32%,"149,385",5.86%,"53,672","95,537","130,037","275,322",3.72,5.25,"479,251",¥3.1,,,,
,小林製薬株式会社,ナイトミン,耳ほぐ,日用品,https://www.tiktok.com/@tobuy_desu/video/7324903179722722568?lang=ja-JP,配信中,7308607451182858241,1788306918863873,2024/01/17,動画視聴,"1,500,000","3,254,000","¥2,000,000","¥700,000","¥700,000",¥1.33,¥0.61,216.93%,¥0.25,16.53,"19,700",0.61%,233,0.007%,346,0.01%,226,0.007%,"20,505",0.63%,¥0,247,"2,830,383",0,0.00%,"2,122,755",75.00%,1.33,"2,818,862",70.56%,"1,988,931",30.03%,"846,510",14.34%,"404,086","573,507.00","689,266.00","1,330,837.00",7.83,10.40,"423,617",,,,,
,,リサージ,,スキンケア,,配信中,7228052559557197826,1788757867844641,2024/01/22,動画視聴,"1,000,000","1,450,000",,,"¥450,000",¥0.00,¥0.00,145.00%,¥0.36,,"1,462",0.10%,15,0.001%,25,0.002%,18,0.001%,"1,520",0.10%,¥117,364,"1,235,410","3,821",0.31%,"721,365",58.39%,1.71,"1,230,956",79.41%,"977,510",23.76%,"292,461",4.20%,"51,694","92,337.00","184,399.00","405,879.00",4.69,8.00,"214,590",¥2.8,,,,
,レブロン株式会社,レブロン,ジェリーティントリップセラム,メイクアップ,https://www.tiktok.com/@tobuy_desu/video/7329323579395329281?lang=ja-JP,配信中,7299263685933924353,1789391173956642,2024/01/29,動画視聴,"2,000,000","2,900,000","¥2,500,000","¥850,000","¥850,000",¥1.25,¥0.86,145.00%,¥0.36,14.91,"5,935",0.20%,73,0.003%,82,0.00%,368,0.013%,"6,458",0.22%,¥104,359,"2,365,038","8,150",0.34%,"1,387,914",58.68%,1.7,"2,351,000",48.56%,"1,141,632",19.19%,"451,151",5.20%,"122,278","168,984.00","330,675.00","607,821.00",3.85,6.52,"534,962",¥0.0,¥0.0,¥306.7,¥20.4,¥387.1
,レブロン株式会社,レブロン,カラーステイロングウェアメイクアップD,メイクアップ,https://www.tiktok.com/@tobuy_z/video/7329324288253644034?lang=ja-JP,配信中,7299263685933924353,1789390436284450,2024/01/29,動画視聴,"1,500,000","2,000,000","¥1,500,000","¥730,000","¥730,000",¥1.00,¥0.75,133.33%,¥0.41,13.14,"3,584",0.18%,21,0.001%,11,0.00%,215,0.011%,"3,831",0.19%,¥139,413,"1,765,012","5,235",0.30%,"685,137",38.82%,2.58,"1,754,741",25.38%,"445,383",8.20%,"143,862",3.54%,"62,167","96,916.00","133,731.00","258,834.00",2.63,6.73,"234,988",¥3.6,,,,
,株式会社ネットプロテクションズ,atone,,その他,https://www.tiktok.com/@tobuy_desu/video/7330535506851171602?lang=ja-JP,配信中,7327561440813039618,1789682461557762,2024/02/01,動画視聴,"3,250,000","1,200,000","¥3,412,500",,"¥1,400,000",¥1.05,¥2.84,36.92%,¥0.42,16.65,"2,193",0.18%,9,0.001%,46,0.00%,85,0.007%,"2,333",0.19%,¥140,417,"3,352,763","9,986",0.30%,"1,581,695",47.18%,2.12,"3,337,511",49.25%,"1,643,801",15.62%,"521,231",3.25%,"108,515","197,933.00","284,971.00","783,430.00",3.67,7.73,"-2,152,763",,,,,
,小林製薬株式会社,ハナノア,ハナノア,日用品,https://www.tiktok.com/@tobuy_desu/video/7334920413903998215?lang=ja-JP,配信中,7326844125498736641,1790752763020337,2024/02/13,動画視聴,"1,000,000","6,300,000","¥1,300,000","¥450,000","¥450,000",¥1.30,¥0.21,630.00%,¥0.25,15.6,"14,300",0.23%,331,0.005%,209,0.00%,708,0.011%,"15,548",0.25%,¥70,254,"1,765,770","6,418",0.36%,"1,330,539",75.35%,1.33,"1,756,132",73.55%,"1,291,650",36.56%,"641,994",19.06%,"334,695","396,302.00","471,788.00","1,026,560.00",7.24,9.55,"4,534,230",,,,,
,メルヴィータジャポン株式会社,メルヴィータ,,スキンケア,https://www.tiktok.com/@tobuy_desu/video/7337224425923808519?lang=ja-JP,配信中,7330555061124382721,1791315077960753,2024/02/19,動画視聴,"1,150,000","1,700,000","¥1,350,000","¥520,000","¥520,000",¥1.17,¥0.79,147.83%,¥0.35,13.35,"4,835",0.28%,34,0.002%,56,0.00%,284,0.017%,"5,209",0.31%,¥111,353,"1,470,117","4,670",0.32%,"1,000,223",68.04%,1.47,"1,464,489",65.33%,"956,816",20.13%,"294,851",6.78%,"99,332","167,517.00","259,003.00","524,477.00",4.38,6.41,"229,883",¥1.3,,,,
,GU,GU MANIA,,その他,https://www.tiktok.com/@tobuy_desu/video/7337876669119712520?lang=ja-JP,配信中,7335670356352466945,1791474087138353,2024/02/21,動画視聴,"2,000,000","3,000,000","¥2,500,000","¥850,000","¥850,000",¥1.25,¥0.83,150.00%,¥0.31,14.44,"11,400",0.38%,6,0.000%,31,0.00%,127,0.004%,"11,564",0.39%,¥80,309,"2,748,185","10,582",0.39%,"1,864,549",67.85%,1.47,"2,735,834",44.77%,"1,224,728",18.77%,"513,604",5.77%,"157,861","235,444.00","382,075.00","818,841.00",3.68,5.41,"251,815",,,,,
,楽天グループ株式会社,楽天韓コスマチュリ,色物軸,その他,https://www.tiktok.com/@tobuy_z/video/7338247631539358977,配信中,7248936224260472833,1791652166895649,2024/02/22,動画視聴,"2,000,000","4,100,000","¥2,500,000","¥760,000","¥998,388",¥1.25,¥0.61,205.00%,¥0.30,17.18,"8,038",0.20%,18,0.000%,53,0.00%,230,0.006%,"8,339",0.20%,¥44,304,"3,282,255","22,329",0.68%,"1,067,438",32.52%,3.07,"3,123,483",17.71%,"553,202",5.69%,"177,720",1.47%,"46,012","76,451.00","110,230.00","236,566.00",1.92,5.62,"817,745",¥2.3,,,,
,楽天グループ株式会社,楽天韓コスマチュリ,スキンケア軸,その他,https://www.tiktok.com/@tobuy_desu/video/7338256132953181448,配信中,7248936224260472833,1791652483212321,2024/02/22,動画視聴,"2,000,000","3,200,000","¥2,500,000","¥760,000","¥1,172,711",¥1.25,¥0.78,160.00%,¥0.45,18.55,"22,000",0.69%,8,0.000%,28,0.00%,136,0.004%,"22,172",0.69%,¥52,448,"2,617,647","22,153",0.85%,"823,753",31.47%,3.18,"2,568,576",13.87%,"356,298",3.59%,"92,319",1.19%,"30,644","44,126.00","62,420.00","123,603.00",1.72,5.35,"582,353",¥3.0,,,,
,ステラシード株式会社,nekopi,折りたたみ傘,日用品,https://www.tiktok.com/@tobuy_desu/video/7338274577455402247?lang=ja-JP,配信中,7330914430168973314,1791571427961906,2024/02/22,動画視聴,"1,000,000","1,400,000","¥1,300,000","¥450,000","¥449,995",¥1.30,¥0.93,140.00%,¥0.36,17.37,"3,178",0.23%,50,0.004%,38,0.00%,61,0.004%,"3,327",0.24%,¥117,360,"1,249,597","3,845",0.31%,"954,986",76.42%,1.31,"1,243,153",68.13%,"846,987",26.25%,"326,267",5.85%,"72,728","98,786.00","182,572.00","412,589.00",4.88,6.36,"150,403",,,,,
,花王株式会社,Liese,カールローション,ヘアケア・スタイリング,https://www.tiktok.com/@tobuy_desu/video/7339726643855887623?lang=ja-JP,配信中,7078872325327781890,1791925934652450,2024/02/26,動画視聴,"2,500,000","3,600,000","¥3,000,000","¥1,100,000","¥1,100,000",¥1.20,¥0.83,144.00%,¥0.36,14.72,"14,000",0.39%,66,0.002%,180,0.01%,868,0.024%,"15,114",0.42%,"¥1,100,000",358,"3,064,624",1,0.00%,"1,673,096",54.59%,1.83,"3,048,548",33.98%,"1,035,843",12.16%,"370,748",5.05%,"153,896","240,980.00","326,614.00","520,576.00",4.10,7.47,"535,376",,,,,
,株式会社ナリス化粧品,by365,UVクリーム,日用品,https://www.tiktok.com/@tobuy_desu/video/7340112617110949121?lang=ja-JP,配信中,7335036029461921794,1792039085937698,2024/02/27,動画視聴,"1,500,000","2,100,000","¥2,000,000","¥700,000","¥687,563",¥1.33,¥0.95,140.00%,¥0.37,11.54,"9,505",0.45%,107,0.005%,184,0.01%,462,0.022%,"10,258",0.49%,¥98,372,"1,847,157","6,981",0.38%,"1,069,684",57.91%,1.73,"1,837,914",39.35%,"723,262",11.46%,"210,545",5.40%,"99,223","149,528.00","217,374.00","502,322.00",3.06,5.26,"252,843",,¥1.4,¥286.5,¥20.2,¥195.0
,健栄製薬株式会社,ルマイルド,ミスト化粧水,スキンケア,https://www.tiktok.com/@tobuy_desu/video/7340856794425707784?lang=ja-JP,配信中,7334965137192976386,1792202729157649,2024/02/29,動画視聴,"2,000,000","2,900,000","¥2,500,000","¥850,000","¥849,869",¥1.25,¥0.86,145.00%,¥0.35,15.51,"4,724",0.16%,43,0.001%,57,0.00%,199,0.007%,"5,023",0.17%,¥112,348,"2,435,300","7,548",0.31%,"1,424,722",58.50%,1.71,"2,425,910",56.92%,"1,380,910",20.48%,"496,773",3.38%,"81,942","136,244.00","293,946.00","755,551.00",3.88,6.60,"464,700",¥1.4,,,,
,小林製薬株式会社,ブレスケア,ブレスケア,日用品,https://www.tiktok.com/@tobuy_desu/video/7341262381898648840?lang=ja-JP,配信中,7330554044890775553,1792301250302993,2024/03/01,動画視聴,"2,000,000","3,400,000","¥1,600,000","¥950,000","¥950,000",¥0.80,¥0.47,170.00%,¥0.33,11.29,"7,412",0.22%,53,0.002%,51,0.00%,191,0.006%,"7,707",0.23%,¥0,332,"2,855,842",0,0.00%,"1,796,609",62.91%,1.59,"2,840,832",44.40%,"1,261,437",14.30%,"406,295",8.47%,"240,636","329,031.00","418,599.00","1,036,174.00",4.15,6.56,"544,158",,,,,
,株式会社ネットプロテクションズ/atone,atone,,その他,https://www.tiktok.com/@tobuy_desu/video/7341235943275253010?lang=ja-JP,配信中,7327561440813039618,1789682461557762,2024/03/01,動画視聴,"3,250,000","2,600,000","¥3,412,500",,"¥1,005,859",¥1.05,¥1.31,80.00%,¥0.45,16.49,"3,482",0.13%,12,0.000%,33,0.00%,66,0.003%,"3,593",0.14%,¥150,446,"2,253,349","6,662",0.30%,"1,271,961",56.45%,1.77,"2,243,282",46.26%,"1,037,768",14.06%,"315,345",2.87%,"64,313","115,866.00","168,358.00","481,875.00",3.41,6.01,"346,651",,,,,
,花王株式会社,マジックリン,トイレマジックリン泡パック,日用品,https://www.tiktok.com/@tobuy_desu/video/7341214055891242241?lang=ja-JP,配信中,7301187566009827329,1792291041650785,2024/03/01,動画視聴,"1,000,000","1,600,000","¥1,300,000","¥450,000","¥450,000",¥1.30,¥0.81,160.00%,¥0.34,11.63,"1,747",0.11%,44,0.003%,54,0.00%,36,0.002%,"1,881",0.12%,¥108,341,"1,316,011","4,131",0.31%,"992,835",75.44%,1.33,"1,310,100",62.03%,"812,615",17.87%,"234,129",6.61%,"86,564","127,299.00","247,920.00","531,947.00",3.96,5.23,"283,989",,,,,
,レブロン株式会社,レブロン,ダズルクアッドアイシャドウ,メイクアップ,https://www.tiktok.com/@tobuy_z/video/7342341449343716609?lang=ja-JP,配信中,7299263685933924353,1792564080251905,2024/03/04,動画視聴,"2,000,000","2,800,000","¥2,500,000","¥950,000","¥950,000",¥1.25,¥0.89,140.00%,¥0.40,12.12,"9,046",0.32%,113,0.004%,77,0.003%,346,0.012%,"9,582",0.34%,¥115,396,"2,398,277","8,240",0.34%,"1,333,314",55.59%,1.8,"2,386,176",37.14%,"886,174",13.64%,"325,532",5.22%,"124,558","190,950","321,021","628,355",3.06,5.47,,¥1.0,,,,
,P＆Gジャパン合同会社,パンテーン,パンテーンミラクルズ,ヘアケア・スタイリング,https://www.tiktok.com/@tobuy_desu/video/7342712626406853896?lang=ja-JP,配信中,7335385136772743170,1792654928929826,2024/03/05,動画視聴,"1,000,000","1,445,000","¥1,300,000","¥450,000","¥450,000",¥1.30,¥0.90,144.50%,¥0.35,15.63,"3,638",0.25%,35,0.002%,51,0.004%,509,0.035%,"4,233",0.29%,¥121,354,"1,269,158","3,703",0.29%,"855,594",67.41%,1.48,"1,264,338",44.22%,"559,119",14.28%,"180,529",4.22%,"53,414","80,551","121,904","306,478",3.60,5.32,,,,,,
,小林製薬株式会社,キュアレア,,日用品,https://www.tiktok.com/@tobuy_desu/video/7343456893530279186?lang=ja-JP,配信中,7334894013897572353,1792836260041729,2024/03/07,動画視聴,"2,500,000","4,900,000","¥2,500,000","¥1,200,000","¥1,200,000",¥1.00,¥0.51,196.00%,¥0.31,13.82,"22,700",0.46%,174,0.004%,598,0.01%,"2,651",0.054%,"26,123",0.53%,¥124,307,"3,897,310","9,673",0.25%,"2,434,351",62.46%,1.6,"3,883,144",71.99%,"2,795,515",25.02%,"971,401",6.00%,"232,892","393,467.00","783,616.00","1,833,968.00",4.80,7.66,"1,002,690",,,,,
,株式会社伊勢半,ヘビーローテーション,アイブロウペンシル,メイクアップ,https://www.tiktok.com/@tobuy_z/video/7343449849234296066?lang=ja-JP,配信中,7333463178036330497,1792834733124641,2024/03/07,動画視聴,"1,000,000","1,487,000","¥1,300,000","¥450,000","¥450,000",¥1.30,¥0.87,148.70%,¥0.32,14.1,"7,723",0.52%,27,0.002%,31,0.002%,158,0.011%,"7,939",0.53%,¥82,322,"1,396,074","5,429",0.39%,"998,653",71.53%,1.4,"1,390,898",55.70%,"774,750",19.32%,"268,706",5.43%,"75,507","148,089","234,612","413,467",3.97,5.53,,¥2.5,,,,
,花王株式会社,Liese,おでこ隠しバーム,ヘアケア・スタイリング,https://www.tiktok.com/@tobuy_desu/video/7344924600851090695?lang=ja-JP,配信中,7078872325327781890,1793194323423282,2024/03/11,動画視聴,"2,000,000","3,500,000","¥2,500,000","¥850,000","¥850,000",¥1.25,¥0.71,175.00%,¥0.29,13.72,"22,900",0.65%,148,0.004%,576,0.016%,"1,715",0.049%,"25,339",0.72%,¥0,292,"2,909,682",0,0.00%,"2,289,228",78.68%,1.27,"2,896,306",62.69%,"1,815,589",27.76%,"804,054",12.57%,"363,925","473,035","658,995","1,183,528",5.88,7.44,,,,,,
,レブロン株式会社,レブロン,キスシュガースクラブ,メイクアップ,https://www.tiktok.com/@tobuy_z?lang=ja-JP,配信中,7299263685933924353,1793195077583873,2024/03/11,動画視聴,"1,500,000","2,229,856","¥1,500,000","¥730,000","¥730,000",¥1.00,¥0.67,148.66%,¥0.33,13.86,"16,000",0.72%,113,0.005%,110,0.00%,966,0.043%,"17,189",0.77%,¥98,325,"2,241,205","7,420",0.33%,"1,512,899",67.50%,1.48,"2,229,856",58.52%,"1,305,023",27.47%,"612,500",6.04%,"134,739","255,225.00","508,555.00","846,553.00",4.42,6.51,"-11,349",,,,,
,花王株式会社,Liese,カールローション,ヘアケア・スタイリング,https://www.tiktok.com/@tobuy_desu/video/7211430236490091778?lang=ja-JP,配信中,7078872325327781890,1765678261185538,2024/03/17,動画視聴,"2,000,000","3,700,000","¥2,500,000","¥760,000",¥0,¥1.25,¥0.68,185.00%,#DIV/0!,18.37,"144,600",3.91%,348,0.009%,0,0.000%,"18,900",0.511%,"163,848",4.43%,¥0,¥0,0,0,0.00%,0,#DIV/0!,0,0,#DIV/0!,0,#DIV/0!,0,#DIV/0!,0,0,0,0,0.00,0.00,,,,,,
,花王株式会社,ケープ,キープウォーター,ヘアケア・スタイリング,https://www.tiktok.com/@tobuy_desu/video/7348653229804129554?lang=ja-JP,配信中,7151369742064861186,1794104915975217,2024/03/21,動画視聴,"1,000,000","1,400,000","¥1,300,000","¥450,000","¥450,000",¥1.30,¥0.93,140.00%,¥0.36,16.93,"3,552",0.25%,29,0.002%,70,0.01%,742,0.053%,"4,393",0.31%,¥105,361,"1,243,937","4,262",0.34%,"844,005",67.85%,1.47,"1,237,046",45.03%,"557,026",17.01%,"210,480",6.85%,"84,732","130,026.00","159,971.00","292,229.00",4.12,6.04,"156,063",,¥1.8,¥305.0,¥15.3,¥295.9
,かどや製油株式会社,かどや製油,ごま油,食品,https://www.tiktok.com/@moshiyome.tobuy/video/7349033291002957064?lang=ja-JP,配信中,7340895881803202568,1794199659833394,2024/03/22,動画視聴,"1,000,000","1,400,000","¥1,300,000","¥450,000","¥450,000",¥1.30,¥0.93,140.00%,¥0.36,14.54,"9,992",0.71%,40,0.003%,72,0.01%,"1,869",0.134%,"11,973",0.86%,¥93,359,"1,251,512","4,817",0.38%,"871,773",69.66%,1.44,"1,245,971",52.88%,"658,827",20.37%,"253,851",4.61%,"57,382","129,435.00","199,467.00","365,278.00",4.34,6.21,"148,488",,,,,
,花王株式会社,Liese,ニュアンススタイリングオイル,ヘアケア・スタイリング,https://www.tiktok.com/@tobuy_desu/video/7350153488891940103?lang=ja-JP,配信中,7078872325327781890,1794472337352705,2024/03/25,動画視聴,"2,000,000","2,700,000","¥2,500,000","¥760,000","¥850,000",¥1.25,¥0.93,135.00%,¥0.37,10.87,"7,643",0.28%,43,0.002%,57,0.00%,"2,118",0.078%,"9,861",0.37%,¥0,370,"2,295,500",0,0.00%,"1,353,297",58.95%,1.7,"2,285,735",55.85%,"1,276,487",16.15%,"369,062",5.42%,"123,916","194,117.00","407,491.00","908,221.00",4.03,6.81,"404,500",,,,,
,コーセーコスメポート株式会社,Visee,ハイライト、シェーディング,メイクアップ,https://www.tiktok.com/@tobuy_desu/video/7350141851904576769?lang=ja-JP,配信中,7340535057859330055,1794468445568002,2024/03/25,動画視聴,"1,000,000","1,300,000","¥1,300,000","¥450,000","¥309,455",¥1.30,¥1.00,130.00%,¥0.43,17.41,"3,336",0.26%,21,0.002%,19,0.00%,461,0.035%,"3,837",0.30%,¥127,428,"722,348","2,433",0.34%,"538,650",74.57%,1.34,"718,419",38.14%,"274,033",14.05%,"100,968",3.63%,"26,059","57,185.00","71,623.00","150,131.00",3.67,4.89,"577,652",,,,,
,花王株式会社,Liese,前髪リセットパウダー,ヘアケア・スタイリング,https://www.tiktok.com/@tobuy_desu/video/7352723234812382482?lang=ja-JP,配信中,7078872325327781890,1795101643431985,2024/04/01,動画視聴,"2,000,000","3,300,000","¥2,500,000","¥850,000","¥850,000",¥1.25,¥0.76,165.00%,¥0.31,13.86,"17,200",0.52%,78,0.002%,125,0.00%,"3,821",0.116%,"21,224",0.64%,"¥22,368",307,"2,768,169",38,0.00%,"1,990,369",71.90%,1.39,"2,755,929",55.65%,"1,533,633",21.81%,"601,062",9.84%,"271,048","406,559.00","484,727.00","1,021,842.00",5.15,7.13,"531,831",,,,,
,株式会社ファイントゥデイホールディングス,uno,フェイスカラークリエイター,メイクアップ,https://www.tiktok.com/@tobuy_mendazo/video/7353117398813216007?lang=ja-JP,配信中,7286269881757188098,1795196322681874,2024/04/02,動画視聴,"2,500,000","3,500,000","¥2,000,000","¥1,200,000","¥1,200,000",¥0.80,¥0.57,140.00%,¥0.40,13.33,"6,450",0.18%,76,0.002%,79,0.00%,960,0.027%,"7,565",0.22%,"¥32,432",395,"3,031,336",37,0.00%,"1,333,998",44.01%,2.27,"3,015,292",31.11%,"937,924",8.86%,"267,064",4.08%,"122,925","163,079.00","242,102.00","577,845.00",3.46,7.83,"468,664",,,,,
,株式会社ファンケル,toiro,化粧水,スキンケア,https://www.tiktok.com/@tobuy_desu/video/7359042430244637959?lang=ja-JP,配信中,7345390234823196674,,2024/04/18,動画視聴,"2,000,000","2,400,000","¥2,500,000","¥850,000","¥829,436",¥1.25,¥1.04,120.00%,¥0.41,17.18,"1,432",0.06%,1,0.000%,27,0.00%,184,0.008%,"1,644",0.07%,¥136,408,"2,029,040","5,995",0.30%,"1,509,805",74.41%,1.34,"2,018,681",30.84%,"622,601",8.33%,"168,167",1.21%,"24,375","38,050","64,449","255,700",3.80,2.84,"370,960",,,,,
,花王株式会社,ケープ,前髪マスカラ,ヘアケア・スタイリング,https://www.tiktok.com/@tobuy_desu/video/7360601017370643719?lang=ja-JP,配信中,7151369742064861186,1797022015488033,2024/04/22,動画視聴,"2,000,000","2,800,000","¥2,500,000","¥850,000","¥850,000",¥1.25,¥0.89,140.00%,¥0.38,10.22,"6,450",0.23%,99,0.004%,91,0.003%,"1,148",0.041%,"7,788",0.28%,"¥170,000",377,"2,249,906",5,0.00%,"1,468,912",65.29%,1.53,"2,239,790",45.97%,"1,029,625",20.11%,"450,420",11.06%,"247,688","345,487.00","492,978.00","915,565.00",4.44,6.77,,¥1.7,,,,
,花王株式会社,ハイター,キッチン泡ハイター　無臭性,日用品,https://www.tiktok.com/@tobuy_desu/video/7360976696138288391?is_from_webapp=1&sender_device=pc&web_id=7159073389364135426,配信中,7356460499732824080,1797114402867234,2024/04/23,動画視聴,"2,000,000","2,600,000","¥2,000,000","¥850,000","¥850,000",¥1.00,¥0.77,130.00%,¥0.40,15.3,"7,528",0.29%,110,0.004%,124,0.005%,"1,400",0.054%,"9,162",0.35%,"¥170,000",397,"2,140,373",5,0.00%,"1,424,432",66.55%,1.5,"2,132,203",71.64%,"1,527,404",24.10%,"513,766",9.81%,"209,168","301,655.00","379,336.00","870,030.00",6.93,10.37,,,,,,
,花王株式会社,Liese,おでこ隠しバーム,ヘアケア・スタイリング,https://www.tiktok.com/@tobuy_desu/video/7362021364649200904,配信中,7078872325327781890,1797376381771809,2024/04/26,動画視聴,"1,150,000","1,626,000","¥1,500,000","¥520,000","¥520,000",¥1.30,¥0.92,141.39%,¥0.37,12.33,"7,554",0.46%,89,0.005%,75,0.00%,"1,815",0.112%,"9,533",0.59%,"¥86,666",370,"1,403,317",6,0.00%,"1,038,279",73.99%,1.35,"1,396,461",67.94%,"948,754",27.00%,"377,025",13.75%,"192,018","258,367.00","371,107.00","671,628.00",5.86,7.88,"222,683",,¥1.2,"¥250,000.0",¥7.8,¥157.3
,レブロン株式会社,レブロン,マルチプレイヤーアイライナー,メイクアップ,https://www.tiktok.com/@tobuy_z/video/7363869478901386513?lang=ja-JP,配信中,7299263685933924353,1797820172747794,2024/05/01,動画視聴,"1,150,000","1,500,000","¥1,500,000","¥570,000","¥569,996",¥1.30,¥1.00,130.43%,¥0.46,21.92,"18,000",1.20%,20,0.001%,15,0.001%,"2,239",0.149%,"20,274",1.35%,¥93,455,"1,252,037","6,066",0.48%,"928,722",74.18%,1.35,"1,246,483",53.67%,"668,988",23.86%,"297,404",4.94%,"61,594","121,352.00","172,108.00","328,685.00",5.69,7.63,,,,,,
,花王株式会社,Liese,シルキー髪オイルミスト(飲み会訴求),ヘアケア・スタイリング,https://vt.tiktok.com/ZSYYMeC2W/,配信中,7078872325327781890,1798455738003506,2024/05/08,動画視聴,"1,660,000","3,677,000","1,660,000","¥630,000","¥1,900,000",¥1.00,¥0.45,221.51%,¥0.50,12.83,"6,446",0.18%,26,0.001%,145,0.004%,"1,274",0.035%,"7,891",0.21%,¥0,497,"3,819,826",0,0.00%,"2,123,260",55.59%,1.8,"3,798,297",,"1,964,082",21.10%,"801,563",,"270,228","531,271.00","764,531.00","1,389,934.00",5.05,9.04,,,,,,
,花王株式会社,Liese,シルキー髪オイルミスト(韓国アイドル訴求),ヘアケア・スタイリング,"https://vt.tiktok.com/ZSYYM2CdL/",配信中,7078872325327781890,1798455738003506,2024/05/08,動画視聴,"1,660,000","372,000","1,660,000","¥630,000","¥1,900,000",¥1.00,¥4.46,22.41%,¥0.50,9.83,"2,098",0.56%,46,0.012%,145,0.039%,497,0.134%,"2,786",0.75%,¥0,497,"3,819,826",0,0.00%,"2,123,260",55.59%,1.8,"3,798,297",,"1,964,082",21.10%,"801,563",,"270,228","531,271.00","764,531.00","1,389,934.00",5.05,9.04,,,,,,
,花王株式会社,Liese,シルキー髪オイルミスト(自撮り盛れ訴求),ヘアケア・スタイリング,"https://vt.tiktok.com/ZSYY63Lp7/",配信中,7078872325327781890,1798455738003506,2024/05/08,動画視聴,"1,660,000","257,000","1,660,000","¥630,000","¥1,900,000",¥1.00,¥6.46,15.48%,¥0.50,8.73,"1,142",0.44%,4,0.002%,145,0.056%,305,0.119%,"1,596",0.62%,¥0,497,"3,819,826",0,0.00%,"2,123,260",55.59%,1.8,"3,798,297",,"1,964,082",21.10%,"801,563",,"270,228","531,271.00","764,531.00","1,389,934.00",5.05,9.04,,,,,,
,ライオン株式会社,NONIO,歯磨き粉②,日用品,https://www.tiktok.com/@tobuy_desu/video/7366825252539649288,配信中,7355435014030671888,1798542845253633,2024/05/09,動画視聴,"1,330,000","915,000","¥4,000,000","¥1,900,000","¥1,899,917",¥3.01,¥4.37,68.80%,¥0.44,13.23,"1,226",0.13%,16,0.002%,105,0.01%,150,0.016%,"1,497",0.16%,"¥1,899,917",436,"4,353,104",1,0.00%,"2,755,918",63.31%,1.58,"4,327,848",80.05%,"3,464,512",33.38%,"1,444,592",7.63%,"330,251","576,169.00","1,398,159.00","2,420,543.00",6.05,9.49,"-3,438,104",,,,,
,ライオン株式会社,NONIO,歯磨き粉④,日用品,https://www.tiktok.com/@tobuy_desu/video/7366826632046234887,配信中,7355435014030671888,1798542845253633,2024/05/09,動画視聴,"1,330,000","4,260","¥4,000,000","¥1,900,000","¥1,899,917",¥3.01,¥938.97,0.32%,¥0.44,9.54,12,0.28%,2,0.047%,105,2.46%,2,0.047%,121,2.84%,"¥1,899,917",436,"4,353,104",1,0.00%,"2,755,918",63.31%,1.58,"4,327,848",80.05%,"3,464,512",33.38%,"1,444,592",,"330,251","576,169","1,398,159","2,420,543",6.05,9.49,,,,,,
,ライオン株式会社,NONIO,歯磨き粉①,日用品,https://www.tiktok.com/@tobuy_desu/video/7366828205380029704,配信中,7355435014030671888,1798542845253633,2024/05/09,動画視聴,"1,330,000","3,941,000","¥4,000,000","¥1,900,000","¥1,899,917",¥3.01,¥1.01,296.32%,¥0.44,12.34,"15,000",0.38%,108,0.003%,105,0.00%,"1,566",0.040%,"16,779",0.43%,"¥1,899,917",436,"4,353,104",1,0.00%,"2,755,918",63.31%,1.58,"4,327,848",80.05%,"3,464,512",33.38%,"1,444,592",7.63%,"330,251","576,169.00","1,398,159.00","2,420,543.00",6.05,9.49,"-412,104",,,,,
,株式会社みずほ銀行,J-Coin Pay,Jコインアプリ,その他,https://www.tiktok.com/@moshiyome.tobuy/video/7374244866072644865,配信中,7356845558335848449,1800461861967874,2024/05/29,動画視聴,"1,400,000","1,422,000","1,950,000","¥500,000","¥500,000",¥1.39,¥1.37,101.57%,¥0.47,17.51,583,0.04%,5,0.000%,8,0.00%,139,0.010%,735,0.05%,¥156,473,"1,056,117","3,196",0.30%,"845,925",80.10%,1.25,"1,050,634",33.66%,"353,677",4.92%,"51,662",0.80%,"8,441","13,483.00","24,079.00","110,850.00",2.64,3.28,"365,883",,¥2.8,¥610.1,¥231.0,"¥2,653.1"
,株式会社みずほ銀行,J-Coin Pay,Jコインアプリ,その他,https://www.tiktok.com/@moshiyome.tobuy/video/7374244866072644865,配信中,7356845558335848449,1800353937035266,2024/05/29,動画視聴,"1,400,000","1,422,000","1,950,000","¥500,000","¥133,373",¥1.39,¥1.37,101.57%,¥0.63,17.51,583,0.04%,5,0.000%,5,0.00%,139,0.010%,732,0.05%,¥169,626,"213,048",789,0.37%,"195,379",91.71%,1.09,"211,682",73.80%,"156,229",25.95%,"54,924",4.67%,"9,894","17,001.00","28,064.00","93,487.00",7.40,8.02,"1,208,952",,¥1.4,"¥2,471.5",¥197.1,"¥2,663.9"
,,,,,,,,,,動画視聴とリーチ,,,,,,,,,,,,,,,,,,,,,,,,,,,,,,,,,,,,,,,,,,,,,,
,花王株式会社,リーゼ,ドライシャンプー（なにこれ訴求）,ヘアケア・スタイリング,https://www.tiktok.com/@tobuy_z/video/7368690968620567825,配信中,7078872325327781890,1798996917513250,2024/05/14,動画視聴,"1,000,000","1,400,000","1,300,000","¥437,794","¥449,806",¥1.30,¥0.93,140.00%,¥0.39,10.24,"8,808",0.63%,102,0.007%,66,0.00%,"1,560",0.111%,"10,536",0.75%,¥0,387,"1,161,089",0,0.00%,"1,027,661",88.51%,1.13,"1,153,981",70.25%,"810,671",38.56%,"445,027",24.57%,"283,554","401,107.00","494,840.00","739,939.00",7.27,8.16,"238,911",,,,,
,花王株式会社,リーゼ,ドライシャンプー（ドッキリ訴求）,ヘアケア・スタイリング,https://www.tiktok.com/@tobuy_z/video/7372019892461112592,配信中,7078872325327781890,1799809591620657,2024/05/23,動画視聴,"1,000,000","1,100,000","1,300,000","¥437,794","¥355,782",¥1.30,¥1.18,110.00%,¥0.48,23.01,"2,247",0.20%,31,0.003%,23,0.00%,382,0.035%,"2,683",0.24%,¥0,479,"742,200",0,0.00%,"582,404",78.47%,1.27,"736,906",61.67%,"454,423",35.23%,"259,615",16.77%,"123,554","184,460.00","210,062.00","263,657.00",9.27,11.73,"357,800",,,,,
,花王株式会社,リーゼ,ドライシャンプー（ドッキリ訴求）,ヘアケア・スタイリング,https://www.tiktok.com/@tobuy_z/video/7372019892461112592,配信中,7078872325327781890,1800274107382882,2024/05/23,リーチ,"1,000,000","1,100,000","1,300,000","¥437,794","¥70,000",,,,¥0.39,23.01,"2,247",0.20%,31,0.003%,0,0.00%,382,0.035%,"2,660",0.24%,¥0,393,"178,097",0,0.00%,"175,321",98.44%,1.02,"176,855",,"47,207",9.02%,"15,961",,"6,196","9,135.00","11,503.00","16,316.00",3.37,3.40,,,,,,
,花王株式会社,リーゼ,ドライシャンプー（ドッキリ訴求）,ヘアケア・スタイリング,https://www.tiktok.com/@tobuy_z/video/7372019892461112592,配信中,,,,動画視聴とリーチ,,,,,,,,,,,,,,,,,,,,,,,,,,,,,,,,,,,,,,,,,,,,,,
,花王株式会社,リーゼ,ドライシャンプー（暑さ対策）,ヘアケア・スタイリング,https://www.tiktok.com/@tobuy_z/video/7376086484782189840,配信中,7078872325327781890,1800803220952097,2024/06/03,動画視聴,"1,000,000","1,100,000","1,300,000","¥437,794","¥214,708",¥1.30,¥1.18,110.00%,¥0.52,14.49,"4,484",0.41%,29,0.003%,20,0.00%,899,0.082%,"5,432",0.49%,¥0,517,"414,512",0,0.00%,"363,150",87.61%,1.14,"412,047",56.33%,"232,114",25.98%,"107,040",18.20%,"75,009","94,464.00","103,846.00","129,038.00",6.33,7.19,"685,488",,¥1.2,#DIV/0!,¥17.3,¥239.3
,花王株式会社,リーゼ,ドライシャンプー（暑さ対策）,ヘアケア・スタイリング,https://www.tiktok.com/@tobuy_z/video/7376086484782189840,配信中,7078872325327781890,1801072620841010,2024/06/03,リーチ,"1,000,000","1,100,000","1,300,000","¥437,794","¥240,000",¥1.30,¥1.18,110.00%,¥0.42,14.49,"4,484",0.41%,29,0.003%,12,0.00%,899,0.082%,"5,424",0.49%,¥0,422,"568,461",0,0.00%,"385,341",67.79%,1.48,"565,712",24.65%,"139,421",6.86%,"38,813",4.37%,"24,741","30,262.00","36,305.00","53,046.00",2.79,4.10,"531,539",,¥1.2,#DIV/0!,¥52.5,¥239.7
,花王株式会社,リーゼ,ドライシャンプー（暑さ対策）,ヘアケア・スタイリング,https://www.tiktok.com/@tobuy_z/video/7376086484782189840,配信中,,,,動画視聴とリーチ,,,,,,,,,,,,,,,,,,,,,,,,,,,,,,,,,,,,,,,,,,,,,,
,楽天グループ株式会社,韓国コスメ,to buy(視聴）,その他,https://www.tiktok.com/@tobuy_desu/video/7372366972387937543,配信中,7248936224260472833,1800176339742770,2024/05/24,動画視聴,"2,000,000","840,000","¥2,500,000","¥75,714","¥44,258",¥1.25,¥2.98,42.00%,¥0.48,19.70,"2,195",0.26%,4,0.000%,0,0.00%,42,0.005%,"2,241",0.27%,¥180,478,"92,400",245,0.27%,"91,543",3.20%,1.01,"91,584",13.58%,"12,441",2.74%,"2,507",0.51%,469,798.00,"1,402.00","3,273.00",1.80,1.80,"747,600",,¥1.5,"¥10,204.1","¥5,330.5","¥1,115.6"
,楽天グループ株式会社,韓国コスメ,COCO(視聴目的）,その他,https://www.tiktok.com/@tobuy_z/video/7372371508099812625,配信中,7248936224260472833,1799901763558546,2024/05/24,動画視聴,"2,000,000","2,300,000","¥2,500,000","¥850,000","¥309,143",¥1.25,¥1.09,115.00%,¥1.34,17.04,"1,854",0.08%,4,0.000%,1,0.00%,183,0.008%,"2,042",0.09%,¥33,1338,"230,936","9,355",4.05%,"181,664",6.35%,1.27,"208,160",31.60%,"65,769",6.31%,"13,145",3.10%,"6,449","7,588.00","10,345.00","19,124.00",2.87,3.29,"2,069,064",,#REF!,¥267.2,¥387.7,"¥1,224.3"
,楽天グループ株式会社,韓国コスメ,COCO(リーチ）,その他,https://www.tiktok.com/@tobuy_z/video/7372371508099812625,配信中,7248936224260472833,1800178986848257,2024/05/24,リーチ,"2,000,000","2,300,000","¥2,500,000","¥75,714","¥42,974",¥1.25,¥1.09,115.00%,¥0.49,17.04,"1,854",0.08%,4,0.000%,0,0.00%,183,0.008%,"2,041",0.09%,¥159,494,"86,870",270,0.31%,"85,468",2.99%,1.02,"86,073",14.11%,"12,148",2.16%,"1,859",0.51%,437,661.00,"1,180.00","3,248.00",1.72,1.73,"2,213,130",,¥1.1,"¥9,259.3","¥5,720.8","¥1,224.9"
,楽天グループ株式会社,韓国コスメ,COCO(リーチ）,その他,https://www.tiktok.com/@tobuy_z/video/7372371508099812625,配信中,7248936224260472833,1800460375581746,2024/05/24,リーチ,"2,000,000","2,300,000","¥2,500,000","¥880,000","¥880,000",¥1.25,¥1.09,115.00%,¥0.53,17.04,"1,854",0.08%,4,0.000%,12,0.00%,183,0.008%,"2,053",0.09%,¥160,531,"1,655,602","5,499",0.33%,"1,627,759",56.92%,1.02,"1,645,391",22.53%,"370,740",3.12%,"51,272",0.81%,"13,319","19,210.00","32,365.00","94,194.00",2.34,2.37,"644,398",,¥1.1,¥454.6,¥187.7,"¥1,217.7"
,楽天グループ株式会社,韓国コスメ,COCO,,,,,,,動画視聴とリーチ,,,,,,,,,,,,,,,,,,,,,,,,,,,,,,,,,,,,,,,,,,,,,,
,ライオン株式会社,クリニカハミガキ,クリニカフロス,日用品,https://www.tiktok.com/@tobuy_desu/video/7374972936429538568?is_from_webapp=1&sender_device=pc&web_id=7225545027098772993,配信中,7366882672595009553,1800550863889442,2024/05/31,動画視聴,"2,000,000","3,343,000","¥2,500,000","¥850,000","¥850,000",¥1.25,¥0.75,167.15%,¥0.41,,,0.00%,,0.000%,42,0.00%,,0.000%,42,0.00%,¥0,414,"2,049,837",0,0.00%,"1,616,839",56.54%,1.27,"2,041,386",80.18%,"1,636,740",30.78%,"628,388",11.12%,"226,972","349,518.00","494,286.00","870,368.00",7.79,9.84,"1,293,163",,#REF!,#DIV/0!,¥11.0,"¥59,523.8"
,株式会社キングジム,KING JIM,ぬいぐるみ,日用品,https://www.tiktok.com/@tobuy_z/video/7374984114400709904,配信中,7367168777160687617,1800550731075634,2024/05/31,動画視聴,"2,000,000","2,119,000","¥2,500,000","¥850,000","¥567,009",¥1.25,¥1.18,105.95%,¥0.48,15.44,"15,300",0.72%,130,0.006%,43,0.00%,"1,561",0.074%,"17,034",0.80%,¥88,480,"1,179,553","6,427",0.54%,"1,034,132",36.16%,1.14,"1,174,475",64.85%,"761,661",44.14%,"518,409",14.68%,"172,390","311,732.00","405,679.00","604,951.00",7.65,8.69,"939,447",,,,,
,株式会社キングジム,KING JIM,ぬいぐるみ,日用品,https://www.tiktok.com/@tobuy_z/video/7374984114400709904,配信中,7367168777160687617,1800982401629218,2024/05/31,動画視聴,"2,000,000","2,119,000","¥2,500,000","¥850,000","¥270,000",¥1.25,¥1.18,105.95%,¥0.41,15.44,"15,300",0.72%,130,0.006%,10,0.00%,"1,561",0.074%,"17,001",0.80%,¥102,413,"653,618","2,641",0.40%,"465,405",16.28%,1.4,"650,337",28.45%,"185,006",11.51%,"74,834",3.34%,"21,709","36,944.00","51,681.00","103,204.00",3.09,4.32,"1,465,382",,¥1.2,¥946.6,¥115.2,¥147.1
,株式会社キングジム,KING JIM,ぬいぐるみ,日用品,,,,,,動画視聴とリーチ,,,,,,,,,,,,,,,,,,,,,,,,,,,,,,,,,,,,,,,,,,,,,,
,株式会社ファンケル,ファンケル,マイルドクレンジングオイル,スキンケア,https://www.tiktok.com/@tobuy_desu/video/7373506716144635143,配信中,7350953608848048130,1800172964797489,2024/05/27,動画視聴,"1,000,000","1,100,000","¥1,300,000","¥450,000","¥116,650",¥1.30,¥1.18,110.00%,¥0.61,15.3,640,0.06%,34,0.003%,4,0.00%,131,0.012%,809,0.07%,¥177,608,"191,562",656,0.34%,"165,936",5.80%,1.15,"190,361",40.11%,"76,348",18.41%,"35,043",6.76%,"12,877","20,855.00","29,341.00","46,550.00",4.88,5.60,"908,438",,,,,
,株式会社ファンケル,ファンケル,マイルドクレンジングオイル,スキンケア,https://www.tiktok.com/@tobuy_desu/video/7373506716144635143,配信中,7350953608848048130,1800372825107457,2024/05/27,リーチ,"1,000,000","1,100,000","¥1,300,000","¥320,000","¥320,000",¥1.30,¥1.18,110.00%,¥0.50,15.3,640,0.06%,34,0.003%,2,0.00%,131,0.012%,807,0.07%,¥158,497,"643,469","2,016",0.31%,"622,961",21.79%,1.03,"639,720",10.43%,"66,716",3.02%,"19,313",1.06%,"6,758","10,144.00","15,042.00","29,970.00",1.77,1.82,"456,531",,,,,
,株式会社ファンケル,ファンケル,マイルドクレンジングオイル,スキンケア,https://www.tiktok.com/@tobuy_desu/video/7373506716144635143,配信中,7350953608848048130,1800917929237521,2024/05/27,リーチ,"1,000,000","1,100,000","¥1,300,000","¥30,000","¥30,000",¥1.30,¥1.18,110.00%,¥0.45,15.3,640,0.06%,34,0.003%,0,0.00%,131,0.012%,805,0.07%,¥155,454,"65,993",193,0.29%,"65,843",2.30%,1,"65,694",8.32%,"5,469",2.28%,"1,495",0.74%,489,730.00,"1,126.00","2,341.00",1.58,1.57,"1,034,007",,,,,
,株式会社ファンケル,ファンケル,マイルドクレンジングオイル,スキンケア,https://www.tiktok.com/@tobuy_desu/video/7373506716144635143,配信中,,,,動画視聴とリーチ,,,,,,,,,,,,,,,,,,,,,,,,,,,,,,,,,,,,,,,,,,,,,,
,JNTLコンシューマーヘルス株式会社,ドクターシーラボ,VC100,スキンケア,https://www.tiktok.com/@tobuy_desu/video/7372028196612492551,配信中,7357902916369547281,1799812360067106,2024/05/23,動画視聴,"2,000,000","2,136,301","¥2,000,000","¥850,000","¥63,967",¥1.00,¥0.94,106.82%,¥0.56,13.27,"1,462",0.07%,38,0.002%,4,0.00%,339,0.016%,"1,843",0.09%,¥136,559,"114,264",468,0.41%,"112,949",3.95%,1.01,"113,525",72.22%,"81,993",22.08%,"25,069",7.93%,"9,008","12,861.00","21,384.00","66,757.00",5.28,5.31,"2,022,037",,#REF!,"¥4,273.5",¥222.0,"¥1,085.2"
,JNTLコンシューマーヘルス株式会社,ドクターシーラボ,VC100,スキンケア,https://www.tiktok.com/@tobuy_desu/video/7372028196612492551,配信中,7357902916369547281,1800168362263586,2024/05/23,動画視聴,"2,000,000","2,136,301","¥2,000,000","¥770,000","¥47,808",¥1.00,¥0.94,106.82%,¥0.66,13.27,"1,462",0.07%,38,0.002%,1,0.00%,339,0.016%,"1,840",0.09%,¥151,659,"72,497",316,0.44%,"71,778",2.51%,1.01,"72,036",78.61%,"56,626",28.94%,"20,844",12.14%,"8,742","11,713.00","18,285.00","48,015.00",6.89,6.91,"2,063,804",,¥0.9,"¥6,329.1",¥228.8,"¥1,087.0"
,JNTLコンシューマーヘルス株式会社,ドクターシーラボ,VC100,スキンケア,https://www.tiktok.com/@tobuy_desu/video/7372028196612492551,配信中,7357902916369547281,1800259918160946,2024/05/23,動画視聴,"2,000,000","2,136,301","¥2,000,000","¥200,000","¥200,000",¥1.00,¥0.94,106.82%,¥0.49,13.27,"1,462",0.07%,38,0.002%,3,0.00%,339,0.016%,"1,842",0.09%,¥160,493,"405,174","1,248",0.31%,"405,288",14.17%,1,"402,515",39.92%,"160,692",4.60%,"18,503",1.48%,"5,939","8,377.00","14,514.00","97,997.00",2.73,2.72,"1,731,127",,,,,
,JNTLコンシューマーヘルス株式会社,ドクターシーラボ,VC100,スキンケア,https://www.tiktok.com/@tobuy_desu/video/7372028196612492551,配信中,,,,動画視聴とリーチ,,,,,,,,,,,,,,,,,,,,,,,,,,,,,,,,,,,,,,,,,,,,,,
,花王株式会社,キュレル,顔からだUV,日用品,https://www.tiktok.com/@tobuy_desu/video/7376117818321882386,配信中,7366803508261093392,1800810595623969,2024/06/03,動画視聴,"1,500,000","1,673,115","¥2,000,000","¥700,000","¥302,576",¥1.33,¥1.20,111.54%,¥0.53,19.2,"6,793",0.41%,81,0.005%,21,0.00%,"1,281",0.077%,"8,176",0.49%,¥0,527,"573,756",0,0.00%,"487,130",17.04%,1.18,"571,393",54.12%,"309,252",22.22%,"126,944",7.45%,"42,542","59,447.00","87,860.00","180,942.00",6.47,7.58,"1,099,359",,¥1.2,#DIV/0!,¥47.0,¥244.6
,花王株式会社,キュレル,顔からだUV,日用品,https://www.tiktok.com/@tobuy_desu/video/7376117818321882386,配信中,7366803508261093392,1801082705871986,2024/06/03,リーチ,"1,500,000","1,673,115","¥2,000,000","¥385,000","¥385,000",¥1.33,¥1.20,111.54%,¥0.44,19.2,"6,793",0.41%,81,0.005%,15,0.00%,"1,281",0.077%,"8,170",0.49%,¥0,440,"873,060",0,0.00%,"571,632",19.99%,1.53,"869,090",23.80%,"206,832",6.13%,"53,235",1.72%,"14,977","20,223.00","32,622.00","84,806.00",2.74,4.16,"800,055",,¥1.2,#DIV/0!,¥133.5,¥244.8
※1本化※,花王株式会社,キュレル,顔からだUV,日用品,https://www.tiktok.com/@tobuy_desu/video/7376117818321882386,配信中,,,2024/06/03,動画視聴とリーチ,"1,500,000","1,749,147","¥2,000,000","¥700,000","¥687,576",¥1.33,¥1.14,116.61%,¥0.48,19.2,"6,793",0.39%,81,0.005%,,0.00%,"1,281",0.073%,"8,155",0.47%,¥0,475,"1,446,816",0,0.00%,"978,259",34.21%,1.48,"1,440,483",35.83%,"516,084",12.51%,"180,179",3.99%,"57,519","79,670.00","120,482.00","265,748.00",4.61,5.87,"302,331",,,,,
,花王株式会社,IROKA,柔軟剤,日用品,https://www.tiktok.com/@tobuy_desu/video/7369416323073412359,配信中,7194319001038684161,1800281664413730,2024/05/16,動画視聴,"2,500,000","2,527,595","¥2,700,000","¥1,200,000","¥295,000",¥1.08,¥1.07,101.10%,¥0.47,18.37,"1,367",0.05%,27,0.001%,7,0.00%,312,0.012%,"1,713",0.07%,¥0,470,"627,049",0,0.00%,"603,118",21.09%,1.04,"623,651",24.62%,"153,524",4.72%,"29,449",1.32%,"8,255","12,083.00","19,949.00","46,256.00",2.43,2.52,"1,900,546",,,,,
,花王株式会社,IROKA,柔軟剤,日用品,https://www.tiktok.com/@tobuy_desu/video/7369416323073412359,配信中,7194319001038684161,1799186370854977,2024/05/16,動画視聴,"2,500,000","2,527,595","¥2,700,000","¥1,200,000","¥357,481",¥1.08,¥1.07,101.10%,¥0.63,18.37,"1,367",0.05%,27,0.001%,14,0.00%,312,0.012%,"1,720",0.07%,¥0,630,"566,994",0,0.00%,"380,341",13.30%,1.49,"563,973",76.54%,"431,668",27.94%,"157,551",9.81%,"55,298","80,821.00","121,977.00","223,405.00",7.89,11.70,"1,960,601",,,,,
,花王株式会社,IROKA,柔軟剤,日用品,https://www.tiktok.com/@tobuy_desu/video/7369416323073412359,配信中,7194319001038684161,1799734474741793,2024/05/16,動画視聴,"2,500,000","2,527,595","¥2,700,000","¥1,200,000","¥459,878",¥1.08,¥1.07,101.10%,¥0.48,18.37,"1,367",0.05%,27,0.001%,8,0.00%,312,0.012%,"1,714",0.07%,"¥459,878",483,"952,104",1,0.00%,"947,758",33.14%,1,"945,419",16.00%,"151,222",2.78%,"26,316",0.85%,"8,051","10,995.00","18,171.00","39,299.00",1.97,1.97,"1,575,491",,,,,
,花王株式会社,メンズビオレ,フェス軸　ボディシート,日用品,https://www.tiktok.com/@tobuy_desu/video/7376137254193908993,配信中,7376130827505532945,1800813597747249,2024/06/03,動画視聴,"1,000,000",,,,"¥450,000",,,,¥0.45,,,,,,22,,,,,,¥127,448,"1,003,360","3,521",0.35%,"869,264",30.40%,1.15,"999,805",63.47%,"634,584",25.10%,"250,945",10.36%,"103,588","159,087.00","233,869.00","497,617.00",5.69,6.54,,,,,,
,花王株式会社,メンズビオレ,レジャー軸　ボディシート,日用品,https://www.tiktok.com/@tobuy_desu/video/7376816946790042881,配信中,7376130827505532945,1800981475213345,2024/06/05,動画視聴,"1,000,000",,,,"¥450,000",¥0.00,#DIV/0!,0.00%,¥0.48,,,#DIV/0!,,#DIV/0!,23,#DIV/0!,,#DIV/0!,23,#DIV/0!,¥126,479,"938,368","3,550",0.38%,"739,787",25.87%,1.27,"934,694",63.20%,"590,700",24.31%,"227,270",10.75%,"100,509","135,267.00","245,295.00","435,523.00",5.41,6.84,"-938,368",,#DIV/0!,¥0.0,¥0.0,¥0.0
,花王株式会社,メンズビオレ,通勤軸　ボディシート,日用品,https://www.tiktok.com/@tobuy_desu/video/7377576078367280385?is_from_webapp=1&sender_device=pc&web_id=7225545027098772993,配信中,7376130827505532945,1801166576705537,2024/06/07,動画視聴,"1,000,000",,,,"¥203,766",¥0.00,#DIV/0!,0.00%,¥0.54,,,#DIV/0!,,#DIV/0!,5,#DIV/0!,,#DIV/0!,5,#DIV/0!,¥177,536,"379,804","1,149",0.30%,"352,072",12.31%,1.08,"377,925",47.23%,"178,491",18.92%,"71,518",9.65%,"36,462","51,918.00","77,879.00","145,452.00",4.24,4.55,"-379,804",,#DIV/0!,¥0.0,¥0.0,¥0.0
,花王株式会社,メンズビオレ,通勤軸　リーチ　ボディシート,日用品,https://www.tiktok.com/@tobuy_desu/video/7377576078367280385?is_from_webapp=1&sender_device=pc&web_id=7225545027098772993,配信中,7376130827505532945,1801456927665185,2024/06/07,リーチ,"1,000,000",,,,"¥240,000",¥0.00,#DIV/0!,0.00%,¥0.45,,,#DIV/0!,,#DIV/0!,6,#DIV/0!,,#DIV/0!,6,#DIV/0!,¥154,448,"535,303","1,557",0.29%,"365,756",12.79%,1.46,"532,392",13.99%,"74,481",4.11%,"21,869",2.21%,"11,756","15,647.00","24,310.00","52,868.00",1.97,2.87,"-535,303",,#DIV/0!,¥0.0,¥0.0,¥0.0
,花王株式会社,ケープ,黄色ケープ,ヘアケア・スタイリング,https://www.tiktok.com/@tobuy_desu/video/7376870404343860498?l,配信中,7151369742064861186,1800994103724066,2024/06/05,動画視聴,"1,000,000",,,,"¥390,188",¥0.00,#DIV/0!,0.00%,¥0.51,,,#DIV/0!,,#DIV/0!,,#DIV/0!,,#DIV/0!,0,#DIV/0!,¥0,510,"763,802",0,0.00%,"639,098",22.35%,1.2,"760,304",62.83%,"477,682",23.29%,"177,052",9.30%,"70,709","102,006.00","132,356.00","311,592.00",6.02,7.16,"-763,802",,#DIV/0!,#DIV/0!,¥0.0,#DIV/0!
,,,,,,,,,,,,,,,,#DIV/0!,#DIV/0!,#DIV/0!,¥0.00,,,#DIV/0!,,#DIV/0!,,#DIV/0!,,#DIV/0!,0,#DIV/0!,¥0,417,"119,896",0,0.00%,"97,894",3.42%,1.22,"119,368",29.71%,"35,459",5.43%,"6,481",1.93%,"2,307","3,185.00","4,619.00","15,727.00",2.76,3.36,"-119,896",,,,,
,,,,,,,,,,動画視聴,,,,,,#DIV/0!,#DIV/0!,#DIV/0!,#DIV/0!,,,#DIV/0!,,#DIV/0!,,#DIV/0!,,#DIV/0!,0,#DIV/0!,,,,,,,0.00%,,,#DIV/0!,,#DIV/0!,,#DIV/0!,,,,,,,0,,,,,
,,,,,,,,,,動画視聴,,,,,,#DIV/0!,#DIV/0!,#DIV/0!,#DIV/0!,,,#DIV/0!,,#DIV/0!,,#DIV/0!,,#DIV/0!,0,#DIV/0!,,,,,,,0.00%,,,#DIV/0!,,#DIV/0!,,#DIV/0!,,,,,,,0,,#DIV/0!,#DIV/0!,#DIV/0!,#DIV/0!
,,,,,,,,,,動画視聴,,,,,,#DIV/0!,#DIV/0!,#DIV/0!,#DIV/0!,,,#DIV/0!,,#DIV/0!,,#DIV/0!,,#DIV/0!,0,#DIV/0!,,,,,,,0.00%,,,#DIV/0!,,#DIV/0!,,#DIV/0!,,,,,,,0,,,,,
,,,,,,,,,,動画視聴,,,,,,#DIV/0!,#DIV/0!,#DIV/0!,#DIV/0!,,,#DIV/0!,,#DIV/0!,,#DIV/0!,,#DIV/0!,0,#DIV/0!,,,,,,,0.00%,,,#DIV/0!,,#DIV/0!,,#DIV/0!,,,,,,,0,,#DIV/0!,#DIV/0!,#DIV/0!,#DIV/0!
,,,,,,,,,,動画視聴,,,,,,#DIV/0!,#DIV/0!,#DIV/0!,#DIV/0!,,,#DIV/0!,,#DIV/0!,,#DIV/0!,,#DIV/0!,0,#DIV/0!,,,,,,,0.00%,,,#DIV/0!,,#DIV/0!,,#DIV/0!,,,,,,,0,,#DIV/0!,#DIV/0!,#DIV/0!,#DIV/0!
,,,,,,,,,,動画視聴,,,,,,#DIV/0!,#DIV/0!,#DIV/0!,#DIV/0!,,,#DIV/0!,,#DIV/0!,,#DIV/0!,,#DIV/0!,0,#DIV/0!,,,,,,,0.00%,,,#DIV/0!,,#DIV/0!,,#DIV/0!,,,,,,,0,,#DIV/0!,#DIV/0!,#DIV/0!,#DIV/0!
,,,,,,,,,,動画視聴,,,,,,#DIV/0!,#DIV/0!,#DIV/0!,#DIV/0!,,,#DIV/0!,,#DIV/0!,,#DIV/0!,,#DIV/0!,0,#DIV/0!,,,,,,,0.00%,,,#DIV/0!,,#DIV/0!,,#DIV/0!,,,,,,,0,,#DIV/0!,#DIV/0!,#DIV/0!,#DIV/0!
,,,,,,,,,,動画視聴,,,,,,#DIV/0!,#DIV/0!,#DIV/0!,#DIV/0!,,,#DIV/0!,,#DIV/0!,,#DIV/0!,,#DIV/0!,0,#DIV/0!,,,,,,,0.00%,,,#DIV/0!,,#DIV/0!,,#DIV/0!,,,,,,,0,,,,,
,,,,,,,,,,動画視聴,,,,,,#DIV/0!,#DIV/0!,#DIV/0!,#DIV/0!,,,#DIV/0!,,#DIV/0!,,#DIV/0!,,#DIV/0!,0,#DIV/0!,,,,,,,0.00%,,,#DIV/0!,,#DIV/0!,,#DIV/0!,,,,,,,0,,,,,
,,,,,,,,,,動画視聴,,,,,,#DIV/0!,#DIV/0!,#DIV/0!,#DIV/0!,,,#DIV/0!,,#DIV/0!,,#DIV/0!,,#DIV/0!,0,#DIV/0!,,,,,,,0.00%,,,#DIV/0!,,#DIV/0!,,#DIV/0!,,,,,,,0,,#DIV/0!,#DIV/0!,#DIV/0!,#DIV/0!
,,,,,,,,,,動画視聴,,,,,,#DIV/0!,#DIV/0!,#DIV/0!,#DIV/0!,,,#DIV/0!,,#DIV/0!,,#DIV/0!,,#DIV/0!,0,#DIV/0!,,,,,,,0.00%,,,#DIV/0!,,#DIV/0!,,#DIV/0!,,,,,,,0,,,,,
,,,,,,,,,,動画視聴,,,,,,#DIV/0!,#DIV/0!,#DIV/0!,#DIV/0!,,,#DIV/0!,,#DIV/0!,,#DIV/0!,,#DIV/0!,0,#DIV/0!,,,,,,,0.00%,,,#DIV/0!,,#DIV/0!,,#DIV/0!,,,,,,,0,,,,,
,,,,,,,,,,動画視聴,,,,,,#DIV/0!,#DIV/0!,#DIV/0!,#DIV/0!,,,#DIV/0!,,#DIV/0!,,#DIV/0!,,#DIV/0!,0,#DIV/0!,,,,,,,0.00%,,,#DIV/0!,,#DIV/0!,,#DIV/0!,,,,,,,0,,,,,
,,,,,,,,,,動画視聴,,,,,,#DIV/0!,#DIV/0!,#DIV/0!,#DIV/0!,,,#DIV/0!,,#DIV/0!,,#DIV/0!,,#DIV/0!,0,#DIV/0!,,,,,,,0.00%,,,#DIV/0!,,#DIV/0!,,#DIV/0!,,,,,,,0,,,,,
,,,,,,,,,,動画視聴,,,,,,#DIV/0!,#DIV/0!,#DIV/0!,#DIV/0!,,,#DIV/0!,,#DIV/0!,,#DIV/0!,,#DIV/0!,0,#DIV/0!,,,,,,,0.00%,,,#DIV/0!,,#DIV/0!,,#DIV/0!,,,,,,,0,,,,,
,,,,,,,,,,動画視聴,,,,,,#DIV/0!,#DIV/0!,#DIV/0!,#DIV/0!,,,#DIV/0!,,#DIV/0!,,#DIV/0!,,#DIV/0!,0,#DIV/0!,,,,,,,0.00%,,,#DIV/0!,,#DIV/0!,,#DIV/0!,,,,,,,0,,,,,
,,,,,,,,,,動画視聴,,,,,,#DIV/0!,#DIV/0!,#DIV/0!,#DIV/0!,,,#DIV/0!,,#DIV/0!,,#DIV/0!,,#DIV/0!,0,#DIV/0!,,,,,,,0.00%,,,#DIV/0!,,#DIV/0!,,#DIV/0!,,,,,,,0,,,,,
,,,,,,,,,,動画視聴,,,,,,#DIV/0!,#DIV/0!,#DIV/0!,#DIV/0!,,,#DIV/0!,,#DIV/0!,,#DIV/0!,,#DIV/0!,0,#DIV/0!,,,,,,,0.00%,,,#DIV/0!,,#DIV/0!,,#DIV/0!,,,,,,,0,,#DIV/0!,#DIV/0!,#DIV/0!,#DIV/0!
,,,,,,,,,,動画視聴,,,,,,#DIV/0!,#DIV/0!,#DIV/0!,#DIV/0!,,,#DIV/0!,,#DIV/0!,,#DIV/0!,,#DIV/0!,0,#DIV/0!,,,,,,,0.00%,,,#DIV/0!,,#DIV/0!,,#DIV/0!,,,,,,,0,,,,,
,,,,,,,,,,動画視聴,,,,,,#DIV/0!,#DIV/0!,#DIV/0!,#DIV/0!,,,#DIV/0!,,#DIV/0!,,#DIV/0!,,#DIV/0!,0,#DIV/0!,,,,,,,0.00%,,,#DIV/0!,,#DIV/0!,,#DIV/0!,,,,,,,0,,#DIV/0!,#DIV/0!,#DIV/0!,#DIV/0!
,,,,,,,,,,動画視聴,,,,,,#DIV/0!,#DIV/0!,#DIV/0!,#DIV/0!,,,#DIV/0!,,#DIV/0!,,#DIV/0!,,#DIV/0!,0,#DIV/0!,,,,,,,0.00%,,,#DIV/0!,,#DIV/0!,,#DIV/0!,,,,,,,0,,#DIV/0!,#DIV/0!,#DIV/0!,#DIV/0!
,,,,,,,,,,動画視聴,,,,,,#DIV/0!,#DIV/0!,#DIV/0!,#DIV/0!,,,#DIV/0!,,#DIV/0!,,#DIV/0!,,#DIV/0!,0,#DIV/0!,,,,,,,0.00%,,,#DIV/0!,,#DIV/0!,,#DIV/0!,,,,,,,0,,,,,
,,,,,,,,,,動画視聴,,,,,,#DIV/0!,#DIV/0!,#DIV/0!,#DIV/0!,,,#DIV/0!,,#DIV/0!,,#DIV/0!,,#DIV/0!,0,#DIV/0!,,,,,,,0.00%,,,#DIV/0!,,#DIV/0!,,#DIV/0!,,,,,,,0,,,,,
,,,,,,,,,,動画視聴,,,,,,#DIV/0!,#DIV/0!,#DIV/0!,#DIV/0!,,,#DIV/0!,,#DIV/0!,,#DIV/0!,,#DIV/0!,0,#DIV/0!,,,,,,,0.00%,,,#DIV/0!,,#DIV/0!,,#DIV/0!,,,,,,,0,,,,,
,,,,,,,,,,動画視聴,,,,,,#DIV/0!,#DIV/0!,#DIV/0!,#DIV/0!,,,#DIV/0!,,#DIV/0!,,#DIV/0!,,#DIV/0!,0,#DIV/0!,,,,,,,0.00%,,,#DIV/0!,,#DIV/0!,,#DIV/0!,,,,,,,0,,,,,
,,,,,,,,,,動画視聴,,,,,,#DIV/0!,#DIV/0!,#DIV/0!,#DIV/0!,,,#DIV/0!,,#DIV/0!,,#DIV/0!,,#DIV/0!,0,#DIV/0!,,,,,,,0.00%,,,#DIV/0!,,#DIV/0!,,#DIV/0!,,,,,,,0,,,,,
,,,,,,,,,,動画視聴,,,,,,#DIV/0!,#DIV/0!,#DIV/0!,#DIV/0!,,,#DIV/0!,,#DIV/0!,,#DIV/0!,,#DIV/0!,0,#DIV/0!,,,,,,,0.00%,,,#DIV/0!,,#DIV/0!,,#DIV/0!,,,,,,,0,,,,,
,,,,,,,,,,動画視聴,,,,,,#DIV/0!,#DIV/0!,#DIV/0!,#DIV/0!,,,#DIV/0!,,#DIV/0!,,#DIV/0!,,#DIV/0!,0,#DIV/0!,,,,,,,0.00%,,,#DIV/0!,,#DIV/0!,,#DIV/0!,,,,,,,0,,,,,
,,,,,,,,,,動画視聴,,,,,,#DIV/0!,#DIV/0!,#DIV/0!,#DIV/0!,,,#DIV/0!,,#DIV/0!,,#DIV/0!,,#DIV/0!,0,#DIV/0!,,,,,,,0.00%,,,#DIV/0!,,#DIV/0!,,#DIV/0!,,,,,,,0,,,,,
,,,,,,,,,,動画視聴,,,,,,#DIV/0!,#DIV/0!,#DIV/0!,#DIV/0!,,,#DIV/0!,,#DIV/0!,,#DIV/0!,,#DIV/0!,0,#DIV/0!,,,,,,,0.00%,,,#DIV/0!,,#DIV/0!,,#DIV/0!,,,,,,,0,,,,,
,,,,,,,,,,動画視聴,,,,,,#DIV/0!,#DIV/0!,#DIV/0!,#DIV/0!,,,#DIV/0!,,#DIV/0!,,#DIV/0!,,#DIV/0!,0,#DIV/0!,,,,,,,0.00%,,,#DIV/0!,,#DIV/0!,,#DIV/0!,,,,,,,0,,#DIV/0!,#DIV/0!,#DIV/0!,#DIV/0!