video_id,num_texts,avg_size,avg_color_r,avg_color_g,avg_color_b,frame_count,keywords,sentiment,topic_0,topic_1,topic_2,topic_3,topic_4,topic_5,topic_6,topic_7,topic_8,topic_9
07,194,1146.1443298969073,136.07737100340003,135.89598895602674,146.6119885259987,441,プ 紗 果 etopuy 東 議 ょ AF 人 ポ 回 タッ トト 全 ro l I 隊 人 鍛 旭 メ いい アッ プ 効 果 pikt nepers り メ いい アッ プ 郊 果 ひ tiktomm メ いい アッ プ 効 果 ひ tikto 半 メイ クア ッ プ 効 果 ひ TikTok tobuy desu ひ TikTok tobuy desu ひ TikTok tobuy desu 個人 感想 メ いい アッ プ 効 果 ひ TikTok tobuy desu 個人 感想 メ いい アッ プ 効 果 ひ riktok tobuy desu 個人 感想 メ いい アッ プ 効 果 ひ TikTok tobuy desu 個人 感想 以つ いい アッ プ 効 果,0.0,0.0,0.0,0.0,0.0,0.0,0.9918166995048523,0.0,0.0,0.0,0.0
13,41,1167.560975609756,134.87689078248076,135.7790519360409,147.54557929004935,382,上 秒 果 保 対す ます 人 AO 組 ひ TikTok tobuy desu 吸う 付き レベ ル dew atnerglow ood tobuy desu 名 証 二 駅 ます,0.0,0.0,0.9678479433059692,0.0,0.0,0.0,0.0,0.0,0.0,0.0,0.0
14,125,1275.192,155.2065770404018,164.21714647323677,177.8218828735278,483,個 人 感想 削 ケー プ スー パー ハー ド ケープ d エ クス トラ キ 無 香 料 ー プ 微香 性 ケー プ d エ クス トラ キ ー プ 無理 料 必 倒 的 バブ 手 ぐ 通す ケー プ ふん わり スタ イル 用 無 香料 月 ひ TikTok 個 人 感想 YS リィ クー W 馬 仕る 上 り イ メー ジ レン ンタ 風 ど 才 チ ぐし 何 度 分 通 修 成分 ひ TikTok tobuy desu 個 人 悪い ます,0.0,0.0,0.9898836612701416,0.0,0.0,0.0,0.0,0.0,0.0,0.0,0.0
17,276,1020.8405797101449,169.00401571773236,170.463667797642,178.71369673155297,713,つて 聞く 正 直 っ 思う っ 見る すま 動 会 曲 天 国 地獄 ey tobuy 友達 良い っ っ V すり 曲 天 国 地獄 正直 TA 江 ひ っ 人 上 移 了 エラ スル 大 下 きく oo アオ ガス ルル ー rerglow drop ぼ ferglow dxop 恋 ひる New アフ ター グロ ウド ロッ プ ぅ 限定 アフ ター クロ ウド ロッ プ ぼ ぽい ポン トク エイ ルカ レット 向 り アウ プル ピー チ ベルガ モッ ト TOP notf 濾 退出 アッ プル ピー チ ベル カ モッ ト 人 ジャ スミ ン キン モク セイ ムスク サン ダル ウッ ド 香 り イメ ー ジ 避 tobuy desu web 限 定 dew アフ ター クロウ ドロップ り 毛布 ひる キレ フィ ル ざい ます 音 識 ァ ッ プル グレる ー フル ー プ ベル ガ ツ モッ ト ロー ズ ジャ スミ ン iidiski LAST note 了 プ ブル グレる ー プ ベル カ フル ー ツ モッ ト LAST note ムスク サン ダル ウッ ド ひ TikTok lobuy desu dew アフ ター グロ ウド ロッ プ ミニ サイ ズ 化粧 渡 ml,0.20833333333333334,0.0,0.9953356981277466,0.0,0.0,0.0,0.0,0.0,0.0,0.0,0.0
23,94,440.3191489361702,146.1321193760176,148.82394891428754,166.67759057084524,281,倒 人 中 効果 保 研 ます メ いい アッ プ 前 果 ゆ 個人 講 苑 果 保 放 ます メイ クア ッ プ 効果 ゾン リ xyw 個人 品 枯る 効果 保証 人 k TikTok tobuy desu 個人 中 環 区 果 保証 ます メ いい アッ プ 細い 時 primavisla cco avehdv,0.0,0.0,0.0,0.0,0.0,0.0,0.0,0.0,0.9839235544204712,0.0,0.0
24,33,202.45454545454547,179.29281834629623,177.94598692991298,184.58086376049977,354,個人 避 下 効 巣 保証 いで メ いい アッ プ 郊 巣 本 imavisia td lavander SP,0.0,0.0,0.0,0.0,0.0,0.0,0.0,0.0,0.0,0.9526269435882568,0.0
25,43,590.7906976744187,175.82537390119793,162.66967322622867,167.2130346297554,524,昌 合 ほ 生 交 個 人 上 想 効果 保 区 朱理 香水,0.0,0.0,0.0,0.0,0.0,0.0,0.3212444484233856,0.0,0.6253966093063354,0.0,0.0
27,12,21252.25,109.80719785710552,119.98317566535508,141.24855250938367,484,tude odm tobuy desu tobuy desu びび TikTok tobuy desu ぴっ り パ パ,0.0,0.0,0.0,0.0,0.0,0.0,0.0,0.0,0.0,0.0,0.9399817585945129
29,127,1122.7007874015749,148.35560984363494,151.62446936466486,158.6631002747853,453,個人 感想 効果 保証 いで SCG OG 個人 感想 効果 保証 いで 保 征 いで SN RE サ TikTok tobuy desu 保証 いで び ひ TikTok tobuy desu 個人 感想 効果 保証 いで やら 人 RW ニア ー び TikTok tobuy desu 個人 感想 効果 保証 いで 較 克 学 和 時 GS,0.0,0.0,0.0,0.0,0.17334100604057312,0.0,0.0,0.0,0.8118407726287842,0.0,0.0
30,86,2874.3255813953488,145.96633125267778,147.303422412227,152.09615136841893,366,リ TikTok リー tobuy desu 絶対 見る 則 OK SU 名 紙 e 信人 感想 効果 保証 いで 個人 義 林 効果 保 二 いで TikTok 人 tobuy desu 個人 義 相 効果 保 二 I 垣 骨 甘 っ 邊 It el,0.625,0.0,0.0,0.0,0.0712788924574852,0.0,0.0,0.0,0.753166675567627,0.0,0.1596391648054123
32,44,1858.8863636363637,168.66347555481522,160.78606437810743,178.65505363863844,392,超 経 パニ 拓 り リル ひ TikTok 塗る そ ぜ tobuy desu ひ TikTok 塗る そ ぜ tobuy desu ひ TikTok 者 iobuy desu,0.0,0.0,0.0,0.0,0.0,0.0,0.9653770327568054,0.0,0.0,0.0,0.0
33,227,1775.2775330396476,160.66311039030316,148.13453948278632,199.18479044184642,494,ひ TikTok tobuy desu れる 学 夏 ひ TikTok tobuy desu 全 夏 AO VA フ opye desu 旬 mm こす 放 N 個人 台 政 効果 保証 盾 入 応 語 想 効果 保 生 ひ TikTok tobuy desu 量 想 効果 抹 証 いで 時 く ム ズム 和 セツ ひ TikTok tobuy desu 保 症 いで ど ぐ たく 光 セ ひ TikTok tobuy desu choosy lips 衝 時 罰 po ho OS マテ ンション 演 げ W hoosy サ ア アイ テム lips く ど OS choosy lips choosy ゃ goodnight jerry Pack グッ ドナ イト ジェ リー バッ ク 稼 呈 マ 軸 s bell 他 choosy lips 新 登場 choosymoist グッ ドナ イト ジェ リー パッ ク メイ ク 好 め ス キン ケア 誕生 人 気 集め choosymoist シリ ー ズ 新た アイ テム 仲間 入り WW ひ TikTok tobuy desu tobuy desu,0.0,0.0,0.0,0.0,0.0,0.9940384030342102,0.0,0.0,0.0,0.0,0.0
34,55,2657.2,119.36189439652303,125.2826405400189,135.65609578592526,487,デパ コス 級 感動 グ ァ ャ ン プー コン ディ ショ ナー ひ tikte 培 YO 仕上 り イ メー ジ tobuy desi 仕上 り イ メー ジ etobuy esu tobuy desu H 誠 びび TikTok tobuy desu tktok tobuy desu a び TikTok 香り 感 tobuy desu tobuy des 絡 び riktog,0.0,0.0,0.0,0.0,0.0,0.0,0.9836316108703613,0.0,0.0,0.0,0.0
36,92,958.0978260869565,148.32791694188035,159.35695956072678,175.54289089396352,447,GI 語 只 作 ス 効果 保証 いで クレ イル バック ドウ イアー ひ TikTok ンプ そ qtobuy desu 個人 感想 効果 保証 いで 吊 blsl SD TOP クレ イハ バック 分 くだ け 所 内 つる 肌 クレ イ パ ッ ク ー 商品 情報 ちら ビ フ ェ ス タ 関す web ア ン ケ ー ト,0.5,0.0,0.0,0.0,0.0,0.0,0.0,0.0,0.984995424747467,0.0,0.0
38,47,761.0212765957447,126.87059370619241,128.14922436760946,132.4973180135832,618,ルル hoam メイ ベリ ン ラ カ ラ ー アイ ライ ナー キャ メル ペー ジュ 円 メイ ベリ ン ウル トラ カラ ー アイ ライ ナー キャ ユ tobuy desu 滅 昌 toobuy desu New YO 人 SNK ひ TikTok tobuy desu tobuy desu,0.13636363636363635,0.0,0.0,0.0,0.0,0.0,0.0,0.0,0.0,0.0,0.9804278016090393
39,156,2355.602564102564,134.97134120011697,136.2183466609138,143.16239302647824,476,tktok 博 buy desu WA パグ ひ TikTok tobuy desu ウ ァ ジ 記 活 め ヲ 東 攻 ジー ラージ ヲ 祖 ソ ンション コン シー ラー 用 ー ひ fikto tobuy desu イィ ッ ト 隆 影 ブラ ン 人 ESP KK 人 導 ラ ン ptok tobuy de N ヽ W 全開 千 失 取 g 時 ウラ 用 使 了 ー 個人 屈 想 効果 保 記す 直 輸 フ ィ ル ター カバ ー ブ ラン 隔 ン syo 肌 誕 生 ひ TikTok tobuy desu フ ィ ル ター カバ ー ブ ラ シ a ルター 並み gg 肌 誕 びび TikTok tobuy desu 誤 維 GS c ひ TikTok tobuy desu,0.0,0.0,0.0,0.0,0.0,0.0,0.9924347996711731,0.0,0.0,0.0,0.0
40,136,2203.169117647059,155.2713347350153,168.74385926055763,178.85429049104073,573,彰 細い 限 ぐ kgcv CVS 本 昌 眼 x RI ビタ ミン c ビ タ ミ ン Ar 村 本 人 ー ツ 誠 KG sddorino 朝 分 オー ルイ ン ワ ンマ スク fl ED 計 内 っ ー keo 朝 分 チー ルイ ン ワ ンマ スク le ME Ra ー 萌 洗 且 がら 人 eeidd 地 チノ ー ル 区 大 め 守 人 tobuyzdesu 分 オー ルイ ン ワ ンマ スク 科 CE 和 ラメ 肖る 地 方 ンク テン Fr qt buy desu ひ Sb ー ー ー ya Al 分 ナー ルイ ン ワ ンマ スク 引 基 定 人 TikTok tobuy desu,0.0,0.0,0.0,0.0,0.0,0.0,0.0,0.0,0.9919619560241699,0.0,0.0
41,369,1885.2059620596206,180.10788216120193,171.33101568900952,189.76769026428673,795,HB cosme ey 完 cosme チ ey プラ ンド コス メ スペ シャ ルイ ベン ト l 月 hck cosme スッ イル uaroche osa Before After グ 因 TikTok ゆ 宮 交 刻 ちゅ COW 際 時 ョ ョ ピロ り ー トニ Before After Before After y 駅 軸 科 電 間 上 コリ うし 人 べ ueou to ベジ っ ゴ 全会 員 様 対象 全 シ ョ ッ プ 対象 ゃ 辱い 狗 ワラ ソ ブ 掲 載 ア イデ テム 部 エリ ア 送料 無料 場 合 ざい 詳 く 商品 ペー ジ 確認 くだ さい 全会 員 様 対象 対象 ショ ッ プ 限定 N N UN AS MO o クー ポン 事前 配布 中 大 邊 ずる ダク ー ポ ン l r ュー コ ニュ ー クー クモ ポッ ちら 楽天 コス メ フ ェ ス 語 クー ポン 獲る 香 移 間 ヨ ぼ 先着 吾 gor MR 章 計 クー ボン 獲得 先 春 了 先 下 gqco 司 プー トー 算 人 号 BH 門 先 理 コ 先着 避 mor NOR クー ポン 獲る 待 守 クー ボン 下 得 ちる ボツ 日 ー nropdeh 楽天 コス メ フ ェ ス いま クー ボン 利用 状況 購入 手続 際 必ず 確認 くだ 対 家 ショ ッ プ キャ ン ペ ー ン 誠 邊,-0.5354166666666667,0.15755586326122284,0.0,0.0,0.0,0.0,0.0,0.0,0.8389031887054443,0.0,0.0
43,19,2706.157894736842,125.32323556768479,129.6584050509619,141.53535661646697,434,SEP ひ TikTok tobuy desu 題 浴 っ 方 ひ TikTok tobuy desu tobuy desu,0.0,0.0,0.9437380433082581,0.0,0.0,0.0,0.0,0.0,0.0,0.0,0.0
44,620,998.7983870967741,154.5439363889327,156.06100194220474,159.90646625444117,2259,び tikto く ィ mmmm 北 tobuy des CC ミー アン ド ハ ー ミル キィ グロ スジ ェ ル 加計 ャ ッ 上 還 うい ト エ ェ ィ ィ トト kcse ム ひび TikTok 和 tobuy desu ヽ ミル キィ グロ スジ ェ ル 務め TU 理加 気 当 時 あさ すむ 記 ひ TikTok wet hajr 記 tobuy desu ミー アン ド ハ ー ミル キィ グロ スジ ェ ル 薩 必 琴 四 気 出し 時 あさ さめ ひ tok tobuy desu ミー アン ド ハ ー ミル キィ グロ スジ ェ ル 玩 人 t 形 回 気 出 時 あき さめ ひ tktok tobuy desu ひ TikTok tobuy desu PA PC EC 払 ひく ます 破ける そ 記 先 ッ ン せき け do SS 塗る 方 acb otn トト RE よい らい ミー アン ド ハ ー ミル キィ グロ スジ ェ ル モア シャ イン ひ TikTok tobuy desu ミー アン ド ハ ー ミル キィ グロ スジ ェ ル モア シャ イン 滞 衝 次 ひ TikTok tobuy desu ひ TikTok tobuy desu ひ TikTok tobuy desu ntore shime for wri huir sty び ktok tobuy desu 搬 バー ルル 欄 程度 ー CS 務 びら 全体 伸 TikTok lesu 人 でる り すす ヽ etobuy d 夫 すそ ろ り 和 m ひ TikTok tobuy desu 人 すす TikTok tobuy desu ひ TikTok duy desu 人 生生 ろ り すす 人 でる 和 ET スト レー ト 引 立つ リッ チ ザ ツ 人 出 tikt 和 人 すもも スト レー ト 引き 立つ リッ チ ゼ ツ 感 人 tobuw d スト レー ト 引 立つ リッ チ セツ 導 出 ー いで MS 委 伏 ぜ まり ひ TikTok 人 tobuy dlesk 選 NO AA らい PS 介 伏 まとまり 大 人 っ ぢ 混 敵 完成 ひ TikTok tobuy desu pamreh 半 tora 申 然 まず まり 到 大 人 っ 浦和 友 実 虚 び TikTok tobuy desu ちり 人 倒す ミーア ンド ハー あざ 毛 ステ ィ ッ ク びび TikTok tobuy desu ミー アン ド ハ ー あざ 毛 ス ティ ッ ク サ TikTok tobuy desu ひ TikTok tobuy desu on コー ム 和 失 使う あく 所 引 出 パサ つき 人 かり すま 全て AP すす り 湊 ツ 束 m wmee ひ TikTok tobuy desu ひ TikTok tohuy de び TikTok tobuy des せまい イ メー ジ する ウイ メー ジ,-0.125,0.0,0.997814953327179,0.0,0.0,0.0,0.0,0.0,0.0,0.0,0.0
46,143,1523.062937062937,146.6161622315603,150.6986163183522,155.48994710828453,513,左 座 名 衣 凡 斉 例 民 座 窟 民 府 ちゃ 人 感 外 効果 保証 じゃ いで ジー 形 褒 ぁ 宮 人 っ きく 導 キー プロ ー 個人 感想 効果 保証 司 人 ー スト レー トマ ジ 神 個人 陸 維 効果 保証 竹 夫 じゃ いで 個人 破 想 効果 保証 じゃ いで 個人 破 想 効果 保証 じゃ いで 個人 保証 じゃ いで tobuy desu mm じゃ いで,0.0,0.0,0.0,0.0,0.0,0.0,0.0,0.0,0.9883089661598206,0.0,0.0
47,347,1246.657060518732,165.97077878750494,153.74232600101038,152.75517633278312,524,AI 生 EE くつ TikTok tobuy desu bjore bodyjelly Co gssye k 還 是 SW り 草 だり エ び 肌 awy ひる 実 感 っ ドラ ィ ひる り 志 分 ド NG 作出 和 く び ザ MP ひる 表地 le ド う イ わん り ヴェ ー ル り d 間 分 出る 前 ササ っ 片手 開ける 直接 塗れる くべる r いく j イプ oc くだ さい t く っ CI 宣 シー ト 振 パ ウ ダ ー り 昌 く っ 合 区 いね きみ 人 ぐ かき 了 っ くだ さい 謝 使い け 以つ 全う 岳人 Li we moe 人 ST 人 we 敵 Fr SO Go Go 前 婆 り リ 汗 く び mas り 実 感 っ ド ボラ イ ひ 坦 ゲ ェ ー ル り 成 分 ドラ イィ バウ ダー 人 汗 開く 汗 く び Pd 実 思 っ fcm ー ド ライ バウ り 喚 分 白い っ 人 坦 池 基 てい ねい ぐ 品 守 本 ステ ン 信 ME AI いか ゼ け 地 頭 び ひ TikTok tobuy desu jo マル,0.4453125,0.0,0.0,0.0,0.0,0.0,0.0,0.0,0.9953109622001648,0.0,0.0
51,33,202.45454545454547,179.29281834629623,177.94598692991298,184.58086376049977,354,個人 避 下 効 巣 保証 いで メ いい アッ プ 郊 巣 本 imavisia td lavander SP,0.0,0.0,0.0,0.0,0.0,0.0,0.0,0.0,0.0,0.9526273608207703,0.0
56,265,1454.8867924528302,147.84657111711505,137.84763293470687,145.14105984658727,654,コ コ 上 mm Al コ 兄 mm コ マズ ひ tikto tobuy desu 及 び ひ TikTok tobuy desu 坦 MP 時 トリ 本 ポメ ー ジ 机 欄 区 多 果 コメ タイ リン ジ 世 基 人 人 半 多 ひ TikTok tobuy desu ェ ッ セン シャ ル ザ 敵 キメ 美容 ウォ ー タ 誤 史 KO ゅ く セ ゼニ ロン ぬ ー 玉 ゃ すす め 塗り 方 名 先 む け 込 む ドラ イヤ ー 之 連 乾 すぎる 万 先 集中 ケア こぼす 直 使用 傷 時 恋 洪 民 具 生ずる いな いか 注意 ゆみ 刺激 色 抜ける 白 瑛 あたる 同様 異常 出 時 覗く 続ける 症状 悪化 ハ っ 時 ぐ 充分 洗い 流す 人 呈 流 館 数 回 羽 とる ミラ イ 後 滞り オルト 寺 め っ 同様 異常 出 AA 定 状 表 化 TikTok,0.0,0.0,0.0,0.0,0.0,0.9941163063049316,0.0,0.0,0.0,0.0,0.0
59,116,1095.2586206896551,152.32737954026055,157.6606217407984,167.26545017477483,442,kok ー マ tobuy desu shanmpoo conditioner コン ンー barrier shanpoo conditioner 系 転 守る 素 医 守る バリ アシ ャ ン フー ミリア コン ディ ショ ナー 人 b ト ー まき ヽ ひ TikTok tobuy desu 個 人 嘆 埋 効果 保証 うる 時 的 効果 ひび tik tobuy 健 コ ラー シ ャ ッ プー to buy 較 べ リア コン ディ シー barnes shampoo 業 机 守る アシ ャ ンプ ー,0.0,0.0,0.0,0.0,0.9881552457809448,0.0,0.0,0.0,0.0,0.0,0.0
60,73,1403.6164383561643,175.6216943841942,176.50427342253712,173.50366686628703,493,び TikTok tfobuy desu ー イプ ー ダ グ 多 やる ウォ ー タ ー タ イプ ノン ガス 手 ぐし 何 度 スタ イル 元 通り 固め キ ー プ シリ ー ズ 手 ぐ 通す タイ プ ひ TikTok tobuy desu tobuy desi ひ ゴ TikTok tobuy desu capes hastyh g Product heypryed onlo Hair to Keep youl hstyle AS ou lke,0.0,0.0,0.0,0.0,0.0,0.0,0.9861504435539246,0.0,0.0,0.0,0.0
61,60,3565.9166666666665,131.08853178979646,125.3059981666131,134.1834793204488,604,le TikTok tobuy dei ペー ー ひ TikTok tobuy desu ln び jiktok 人 tobuy desu pe ひ TikTok tobuy desu 人 人 りす ひ tiktokt tobuy desu tobuy desi リー ゼ 前 髪 リ セッ ト パ ウ ダー ク 販 く tobuy desu au び TikTok 人 ペ tobuy des,0.0,0.0,0.0,0.0,0.6251837015151978,0.0,0.0,0.0,0.0,0.0,0.3597172796726227
62,67,1147.3283582089553,155.22858980421017,160.76376470756762,175.42758287136652,736,maskfi JI tirtir tirtir tobuy desu メイ クア ッ プ 林 居る 人 攻 多 果 保 度 いで ひ TikTok tobuy desu balm KN excr CS ヾ 日 本 限定 ii FAR inrrerlerts 條 混 學 司 用 Hello MA nyo 還 本 くつ,0.125,0.0,0.980428159236908,0.0,0.0,0.0,0.0,0.0,0.0,0.0,0.0
63,343,1378.0087463556852,173.43559307986058,174.08277183006848,177.53766171466873,536,z ア び TikTok gtobuy desu び TikTok tobuy desu 今 記 結 めっちゃ コス メ 圭 っ tobuy desu 各 商品 タダ っ っ レー tobuy desu 募集 中 イベ ント 司 品 配送 ジャ パン バン テー ン ミラ タル ズ うる ブ ー ス ト 通算 当選 者 数 万 件 突破 AP 気 商品 無料 試せる いす sae tobuy desu 通 和 当 財 者 表 万 件 稀 破 m ト 休 気 商品 無料 試せる いま snge Be x l く うつ 議 績 ゃ 流行 り 人 所 mazon amagen 補る トド 欠 える 沈む イベ ント 応募 どの 条件 クリ ア 毎月 抽選 名 様 Amazon ギ フト 券 円 分 プレ ゼン ト 会 員 登録 後 表示 ミッ ショ ン ユー サー 情報 入力 イベ ント 複数 参加 クリ ア 抽 選 参加 SS 上 首 ビデ 科 amegen 下 欠 人 包 補る ロン ル 毎月 抽選 名 様 Amazon ギ フト 券 円 分 プレ ゼン ト 会 員 登録 後 表示 ミッ ショ ン 情報 入力 イベ ント 複 唆 湖 軸 抽 選 参加 切 ゃ 人 ゆき デ デフ ト 券 ヽ ポ イン ド ギ 葉 ひ TikTok tobuy desu ひ TikTok tobuy desu,0.0,0.0,0.0,0.0,0.0,0.0,0.0,0.0,0.0,0.0,0.9957332611083984
64,79,1176.9493670886077,130.15963237257037,132.2386275599184,137.63572879547078,422,ひび TikTok tobuy desu びび TikTok tobuy desu tobuy desu ウマ 仕る り イメ ー ジ リズ x ム シー ムレ スウ ェ 使 用 ES 訪 tok 玩 上 っ うそ こま desu 住 り イ メー ザジ リス ズム サー ムレ スウェ p 使 用 いさ c tik 埋 リズ ムシ ー ム レス ウェ 人 BU GE,0.0,0.0,0.9852421283721924,0.0,0.0,0.0,0.0,0.0,0.0,0.0,0.0
65,95,2545.6,98.05623906417411,124.14689334914873,157.476393361557,452,e IE 列 業 TikTok 名 脱 oshiyome tobuy パク バ め 釣 久 回 詞 糖 質 床 ひ TikTok moshiyome tobuy 米 大 雪代 ハラ ンス フラレ ン ト まこ めす さい フタ WA 分 k 子 ンジ 約 分 友 給 あける 江 w り 大きい 良い め っ ちゃ 美味 ー,0.0,0.0,0.0,0.0,0.0,0.0,0.9839245080947876,0.0,0.0,0.0,0.0
66,467,1996.475374732334,160.72526019327597,164.19974964503743,182.52375205652447,456,oe ン 高級 ホテル 香り ー de 滑 具 カ premium aror a ス プレ ュー マー フレ グラ ンカ eseb り り 回 っ 時 がかる LO PP 隊 DA 大 昌 MO 加 臭 堅 約 MW スプ レー 誠 赤 SM 折 力 premium aroma ス レー ン kbu 回 り り ワ エッ ト 叶 仙 剛司 生 空間 薬液 っ 物 企 笛 日光 当たる 場所 ファ ン ビン 内 放置 倫 変色 博 め め ひ TikTok tobuy desu PR nm OMA urba luxe ひ TikTok tobuy desu mA スプ レー deodorier wiuw ATO ー テリア フロ ー ラ ブル 有り 合う り 同 合う 和 人 馬 功 っ 箇 囲 除 画 うた 箇 較 天天 EK 季 さや 逆さ 使用 便座 画 穫 ス リー ー u 代 約 OM 以つ 上 区 スプ レー ヵ 月 使用 WM 秒 以上 スプ レー Word 手 届く ころ 置く 但 高温 bi 光 当 場所 ファン ヒ レーター Vo 人 作 め ニス 塗装 部 ど NE on ホヤ ー ズ 半 剖 人 r 大 昌 合 充 分 流水 洗い 流 人 気 高 温 SE DD arom スプ レー deodorze さま 使用 恒 時 OM 以つ 上 導 ヵ 月 使用 N 咲 秒 以上 スプ レー pe 司 く ころ 四 全 吉 湯 H 光 当たる 場所 フ ァ ン ヒー ダー ー どり 居る 人 放 色 傷める ちえ Cu 日 本 ニス ど あか Gb タビ 年 破る 右 人 人 在 人 NK 洗い 流し ー velvet musk 上ル 衝 び nr tik JNN,0.0,0.0,0.0,0.0,0.0,0.0,0.0,0.9966780543327332,0.0,0.0,0.0
67,239,2521.744769874477,182.32670724029074,178.62573357152507,184.80008921959757,498,ひ TikTok l moshiyome tobuy esg LE tobuy ア フ ェ イ スケ ア ボ ディ ク グレる ー ド l EMS 刺 激 グレる ー el 頭皮 PA ニー っ プラ ー 揉む 〆 mytrex eeauty ッ ア ェ クー 此 プ FX 中 光 必 mytrex オ リ ジ ナ ル アプ ロー チ 頭皮 フェ イス 効果 的 リフ ト ケ ア 分 表 情 筋 エ クサ サイ ズ mytrex EMS HEAD SpA PRO 昌 mytrexjjd 人 ケ テ ブ テム MI くる フ HL xxu 明 フロ ペイ マメ mytrex オ リ ジ ナ ル アプ ロー チ 頭皮 フェ イス 効果 的 リフ ト ケ ア 日 分 表 情 筋 エ クサ サイ ズ ンー 頭 筋 顔 筋 刺激 脱 マ スク 表情 自信 mvtrex 還 還 還 還 還 還 還 還 還 還 還 還 還 気 ワイ ー NE e ン ひ TikTok moshiyome tobuy デ 計 WB トス 門 所 チ 到 神 PA ニー,0.0,0.0677812248468399,0.0,0.0,0.0,0.0,0.9274554252624512,0.0,0.0,0.0,0.0
68,281,880.9786476868327,173.23541593515674,173.44030286413133,176.6365398906359,466,ひび TikTok tobuy desu 計 mktok tobuy desu び tkte tobuy desu Google qr p rip Google 鬼束 p リボ ポジ トリ RN リポ スト ぐ リポ ビタ ン d q リポ ソー ム q リポ スト qa リッ プ モ ンス ター リッ プル AS リッ プス a npndip ー ダ うつ ス メ える o s oc s 通算 当選 者 数 万 件 徐 馴 っ 気 商品 無料 試せる N ぎ うめ 多 補る ク 人 TikTok lotobuy desu 筐 隊 尼 比 邊 スキ ン ケ ア ripr ー こら ロ 滴 成 分 潤 ツヤ 目覚 め 黒 米 発酵 液 ロ ー ション エサ ッ カ ロミ セス コ ヌメ 発酵 液 保湿 成分 モニ ター wchance 早い 米 発酵 液 黒 豆 ペ プチ ド ナ イア シン アミ ド 配 合 透明 感 ク リー ム 守 序 母 エキ ス 保湿 成分 加水 分 解 時 豆 エ キス 保温 ペー 錠 め ぅ 衝 訓 濁 モニ ター wchance 陳 時 RI 吾 唐 あと 日 パン テー ン ミラ クル ズ ボ ンド リペア シリ ー ズ 新 登場 団 ター 人 ポ 今 b こく ゲッ ト I,0.0,0.0,0.0,0.910913348197937,0.0,0.0,0.08512461185455322,0.0,0.0,0.0,0.0
69,93,1724.1612903225807,195.54947653425555,200.18650025361023,202.897286244513,346,小鼻 っ 塗れる ュ 人 ムラ っ ちゃ っ りす 小鼻 っ ムラ っ ちゃ っ りす 壮 こん 見る いや 替 塗り すそ う けど どん 感じ 肌 り すか 仕る 上 り イ メー ジ tobuy desu 仕る 上 り イ メー ジ テア TikTok tobuy desu,1.0,0.0,0.9819955229759216,0.0,0.0,0.0,0.0,0.0,0.0,0.0,0.0
70,87,2176.287356321839,148.67387853169063,145.98911432267352,147.45860390579003,579,イマ ャ イ パ ぬっ 久 ゃ 気 選 恋 害 沼 づつ 時 間 きる ぬっ ちゃ ひ TikTok moshiyome tobuy 時 間 きる めっちゃ ひ TikTok moshiyome tobuy NE きる っ ロ ト ア 吉 外 msmvome,0.0,0.0,0.0,0.0,0.09339570254087448,0.0,0.0,0.0,0.8865975737571716,0.0,0.0
71,77,2368.0,131.5290017719357,136.85873653248424,139.73603884373964,478,プリ マヴィ スタ プロ モー ショ ン プリ マヴィ スタ プロ モー ショ ン プリ マヴィ スタ プロ モー ショ ン ひ TikTok tobuy desu 層 朋 嘩 記 持 赤 SV 塗る 塗る 塗る 塗る 美 導 保 OK tobuy desu 赤い e ス 超 トン ly tobuy desu,0.5,0.0,0.0,0.0,0.0,0.0,0.0,0.0,0.0,0.0,0.9823472499847412
72,98,1761.3163265306123,145.04549064744495,154.14320641551492,168.2803203041158,288,ldesu こん っ ひ TikTok tobuy desu ょ 前 ンー FANCL プロ モー ショ ン いも Mg ょ f tobuy desu グレる ンド 茶 人 種 健康 素材 大 圧 ぎ 米 とう あこ tdis tes is blended en wit Four ye tbredients PG ey pearlparley rice AND Co 脂肪 羽 収 抑え 消化 邊 テ キス トリ ン 負 ー ダ wholesome 本 ー,0.0,0.0,0.0,0.0,0.0,0.0,0.9863590598106384,0.0,0.0,0.0,0.0
73,97,2625.680412371134,142.3466040128258,145.42386941511765,154.69840737767694,624,大 mktok 層 welbuy desu im 飲 ー tobuy desu 女子 SOU 症 多 じゃ ゎ っ 髪型 じゃ セッ ト 無 理 く mmz JA 二 ハ 中 ロ In 人 s ユ オイ ル 見る 防 計 ニュ アン スス タイ リン グ サオ イル 番 SO 応 り 品 ー ム oo すけ ど ム こっ け 針 っ 参 N ES 持続 ひ TikTok SE tobuy desu ー,0.0,0.0,0.987666666507721,0.0,0.0,0.0,0.0,0.0,0.0,0.0,0.0
74,44,891.5909090909091,149.73059711232065,151.75827775586913,159.31585805240414,471,ナチ ュ リ エ プロ モー ショ ン ナチ ュ リ エ プロ モー ショ ン ナチ ュ リ エ プロ ナチ ュ リ エ プロ モ ナチ ュ リ エ プロ 間 SN ひ TikTok,0.0,0.0,0.0,0.97567218542099,0.0,0.0,0.0,0.0,0.0,0.0,0.0
75,103,2485.6116504854367,139.48565069313364,142.9817692980759,152.63559170638658,344,ひ tikto tobuy desu 乾燥 肌 そ 使 っ c TikTok tobuy desu 乾燥 肌 そ 使う 財 プリ マヴィ スタ プロ モー ショ ン び TikTok tobuy desu 乾燥 肌 そ 使 っ プリ マヴィ スタ プロ モー ショ ン 有 ヨコ ヨ W びび TikTok uy desu プリ マヴィ スタ プロ モー ショ ン どら W 久 紀 回 二 ジ ー デイ トリ ー ト メント バーム 馬 コン バク ト ケ テー ス 画 primavjsta cowpcr CASE 人 ay rreatewr tauz founoarron ひび TikTok tobuy desu,0.0,0.0,0.0,0.0,0.0,0.0,0.0,0.990106999874115,0.0,0.0,0.0
76,129,1116.6511627906978,178.77028154253998,181.4709094216016,184.41498612237902,458,識 ョ ン ケア ナ ボ ン プロ モー ショ ン 生 パッ シュ タグ ケア ナ ボ ン プロ モー ショ ン く q ケア ナ ボ ン I 止 ユー ザー 楽曲 LIVE 場所 ハッ シュ タグ 井 ケア ナ ボ ン m 回 時 ケア ナ ボ ン プロ モー ショ ン パ SD m 中 lal ト 矯 下 ト ょ MD 草 DF ル ア ウ ー ン 可 分 アア ミ ノブ り ml パ 細い 果 保証 いで 主 回 びび W ぬ,0.13636363636363635,0.0,0.0,0.0,0.0,0.0,0.0,0.9901072978973389,0.0,0.0,0.0
77,303,1704.3300330033003,164.81431412437297,159.16507735922545,161.2834587840278,542,ュ 小林 投薬 プロ モー ショ ン イラ イラ ちゃ っ び miktok tobuy de 自選 嫌 悪い っ り 自選 嫌悪 っ り 小林 製薬 アロ モー ショ ン プ ンプ 内 ひ TikTok tobuy desu アー LA RE 有 ウ 小林 製薬 プロ モー シ 月 編 PHS 仁 由 六 島 首 秦 月 細い 多 昌 前 あら われ 先生 馬 始 清 舌 和装 体 汰 肖る mpns 全 消 Pd s xm 作品 ろう W 月 どれ 飲 ンー ー テト ひ TikTok tobuyadesu 感 ー こつ ホル モン パラ シス っ っ 命 邊 ワ イト 主 理 o 請 症状 c ホリ イト d I ョ 状 ヵ 町 職 情 記 民 生理 依る e あし m 体 呈 人 Ra まい ヽ OT 半 SS 及 間 pe イ 二 um 理 話 和 ホ ワ イ 時 主 理 p 沙 症 マ 生理 痛い ン イ ライ ラ s 体 ぶ 重 ー 感 情 起伏 激しい sre s ー 生理 痛い つら g 叶 人 革 ー ルレ 生理 不 間谷 症 頭痛 腰 電,0.0,0.0,0.0,0.0,0.0,0.0,0.0,0.8209093809127808,0.17485636472702026,0.0,0.0
78,75,2579.9733333333334,124.04485503921607,143.45698924211797,158.62605988516611,463,キ リン ガー ハッ ト プロ モー ショ ン ウー リン ガー ハット プロ モー ショ ン on かき WW ひ TikTok tobuy desu トノ ペー ディ 個 入り 和 個 入 レギュ ッ ー 円 キテ RE り ー ウド デラ ックス きち ゃ ぼ ぽん 疾 中 きく デコ KS,0.0,0.0,0.0,0.0,0.0,0.0,0.0,0.0,0.0,0.0,0.9830122590065002
79,82,1757.7317073170732,125.83580058148061,139.1234882321268,150.06096088781587,389,ウテナ プロ モー ショ ン ー ウテナ モー ジョ ン 本 ひ TikTok eeby 楓 爆発 タ う あて ひ TikTok tobuy desu 真山 ト 美容 課金 動 ー ダイ ゆ 油 アオ イル 滞 j u YU r OL PLANT based ml ト rikro 尊 lbuy desu ひ TikTok tobuy desu ひ TikTok tobuy desu ひ TikTok woporee,0.0,0.0,0.9849956035614014,0.0,0.0,0.0,0.0,0.0,0.0,0.0,0.0
80,92,4512.20652173913,173.576149915358,174.13792720021837,175.3970698832601,433,ンド c 綱 還 ン グ 和 ン AS d ー 考 メー sausg 感 喘 呈 ン ビッ ォ ー ア フタ ー 表 現 メイ タ アッ プ 効 果 個 人 普 幼 洒 保 衣 ます ひ TikTok tobuy desu 仕上 り イ メー ジ ト 美容 六 下 地 ひ TikTok ひ TikTok tobuy desu ュー uaven f 朝 導 布 夕方,0.0,0.0,0.43244022130966187,0.0,0.0,0.0,0.20282107591629028,0.0,0.3544406294822693,0.0,0.0
81,158,2941.2911392405063,164.21098201920594,172.63906096971834,169.40014362815032,529,目 凶 訪 人 MAG s 目 訪 人 朋 最近 中 調子 悪い 気 国有 加 g 放 調子 恒 気 過 知 革 計 まかせる ひ TikTok tobuy desu 変化 肌 じ け 本 すっ きり 爽やか KK I 他 往 水 クリ ー ム めん どい 彼 ぱ OK tobuy desu le ど クム めん どい 復 せる wi 比 TikTok tobuy desu び TikTok tobuy desu 年 了 RC VA oy,0.5,0.0,0.0,0.0,0.0,0.0,0.0,0.0,0.0,0.0,0.9881536364555359
82,225,358.41777777777776,163.050469407355,150.4257552473641,153.51485654329417,412,かり ハ シュ 診 KO tobuy des び TikTok tobuy desu 着 用 時 物理 的 効果 効果 困 引く 上 万 旧 科 人 y メ ッ キリ EC く 押え 四 避 明 使用 必ず 限 人 條 決 ない 全 衝 和 諾 昭 ー 更 在 DA 腕 g く みや 奈 じ 血 圧 商い 方 器 和 軸 偶 ど 財 在 ゆみ 介 こし 方 中 行人 吾 まるい or しい 和 根 く よし く 加 く ちう り nb 殺める どの 調和 天 合 用 困 中 人 方法 lwc SL Co RT Pt ywe セ 和 ー ー,0.0,0.0,0.0,0.0,0.0,0.0,0.0,0.0,0.0,0.0,0.9917391538619995
83,133,777.187969924812,180.74883533182236,181.65808184661353,183.72400875028325,412,リー ゼ プロ モー ショ ン g k 挟む うに 直 毛 全 部 巻き 終う 頃 片方 征 巻き 取れる ほん 困る 朋 リー ゼ プロ モー ショ ン g k ヒコ っ 下 包 全 部 巻き 拘 わ 項 片方 胡 巻 取 ほん 困る リー ゼ プロ モー ショ ン グ 基く 到 信 ほん うに 赴 毛 全 部 巻き 終う 頃 リー ゼ プロ モー ショ ン リー ゼ プロ モー ショ ン 曲,0.0,0.0,0.0,0.2630573809146881,0.0,0.0,0.0,0.7270640730857849,0.0,0.0,0.0
84,199,1803.3718592964824,144.39705188494378,144.00033087016828,144.13186162628085,379,BB 花王 プロ モー ショ ン こき ニニ 花王 プロ モー ショ ン ドコ NT ひ tikt tobuy d 花王 プロ モー ショ ン 花王 プロ モー ショ ン nn 花王 プロ モー ショ ン 故 水 っ くら 旬 び KO ニン My dee 乾燥 m コー ス スタ ー 紅茶 入れる 時 ふわ っ 和 巻 ビン メス び ひ TikTok tobuy desu 境 和 ウス ミン ャ キス ッッ サメ 目 間 のり 壮 得 格 ふ まり ミル mV 具 サ 講 投入 口 本 品 入れる 洗たく っ 本 品 入れる 分 まう すか y a 使用 量 目安 キャ ッ プ 日 ひ TikTok tobuy desu 数 量 限定 め 計 人 凌 間 限定 齋 ひ riktok tobuy desu ス トッ ク 押 flair,0.0,0.0,0.0,0.0,0.0,0.0,0.0,0.0,0.0,0.0,0.9931790828704834
85,217,931.9308755760369,122.24793876395245,142.09740043460124,173.14871296879355,414,足 冷え 不 思 議 くつ 下 レギ ュ ラー ソック ス 超 薄手 議 バ t 語 くつ 保 共 紅 舞い Pt く く 則 本 品 使用 心 思 ぇ 不 思 誤 くつ下 株 交 紅 全 冷気 カッ ト 者 包み こむ 生える 昌 保 昌 く つづ 保 織 維 写 くつ 下 中 稚 導 り こく く 温か レギ ュ ラ ー ソ ックス 超 務 手 タイ プ 画 すい り 出る 時 通 和 通 学 還 ピッ タリ 足湯 め 合う 効果 的 塵 mtmm 間 旨 軍 大 寺社 層 休 和 枯る じ 太 選 指 造 ょ レプ 合 吉 っ 人 異 生ずる 織 北 選 ひ TikTok tobuy desu ひび TikTok tobuy desu プ 久 必 神 ぎ KC,0.0,0.0,0.10909796506166458,0.0,0.0,0.0,0.0,0.0,0.0,0.8850179314613342,0.0
86,73,2171.3972602739727,138.27101113154703,141.30517255795687,160.10223036973582,428,花王 プロ モー ショ ン 花王 プロ モー ショ ン そ ふれ SA moshiy tobuy 花王 プロ モー ショ ン 無心 炭酸 泡 音 びび TikTok qmoshiyome tobuy 押 d 記 有 光 章 c TikTok moshiyome tobuy 自分 奈 二 く り,0.0,0.0,0.8771214485168457,0.10469355434179306,0.0,0.0,0.0,0.0,0.0,0.0,0.0
87,90,2492.7555555555555,120.08758895250708,122.3882795705057,140.73873657369094,461,鈴 交 民 通り tobuy desu アー 花王 プロ モー ショ ン ナプキン 知る 花王 プロ モー ショ ン 寝 時 布団 り 花王 プロ モー ショ ン 寝 時 布団 り ひ tikto tobuy desl トー び TikTok tobuy desu tobuy 絶対 スト ッ ク 案 件 く ナ ブ ォ ぬ ー au d,0.0,0.0,0.8461323380470276,0.13982854783535004,0.0,0.0,0.0,0.0,0.0,0.0,0.0
88,51,1383.5882352941176,103.44953892379895,131.35871956949003,133.12571346305836,376,ケー プ プロ モー ショ ン Pt アア ー 前 舞 特 化 鏡 く アマ スカ ラフ ケー プ プロ モー ショ ン プ プロ モー ショ ン ケー ケー プ プロ モー ショ ン d 思 衣 マズ 痕 超,0.0,0.0,0.0,0.23528873920440674,0.0,0.0,0.0,0.0,0.7461012601852417,0.0,0.0
89,44,2612.2727272727275,158.37905474583087,164.53117841716445,162.2273290330821,579,っ 埋 国 有 多 マラ ン なみ バツ オン プチ ト エキ yy AD Ca び TikTok tobuy desu ょ tta っ gda AO ー ITA 全 aoi panthetoin essence pantheton essenc,0.0,0.0,0.9735201001167297,0.0,0.0,0.0,0.0,0.0,0.0,0.0,0.0
90,154,2497.948051948052,145.16069123500264,148.69106380656726,154.28546213910806,478,コ オ イ ルミ ルズ プロ モー ショ ン j オ イル ミル ズ プロ モー ショ ン nn ルズ プロ モー ショ ン コ オ イ ルミ 四 オ イル ミル ズ プロ モー ショ ン ネル 能 揚げ 炒 め 調 理 後 掃 隊 ひ TikTok moshiyome tobuy ー 同じ 時 過 同 凡 時 間 陽 訪 還 W ハ ー フ ml 同じ 量 同 財 時 間 陽 還 W ハ ー フ ml 旨い AA ー 有 め ン W ハ ー フ 使用 後 人 油 跳ね 国 レス リ po 直 mm コレ ステ ロー ル 拒 ひ TikTok moshiyome tobuy ひ TikTok moshiyonne toboy,0.0,0.0,0.9921716451644897,0.0,0.0,0.0,0.0,0.0,0.0,0.0,0.0
91,41,972.3658536585366,123.62226122778189,127.64195656845372,131.97521617060704,440,小林 製薬 プロ モー ショ ン 小林 製薬 プロ モー ショ ン 小林 製薬 プロ モー ショ ン 小林 製薬 プロ モー ショ ン ひ TikTok tobuy desu 小林 製薬 プロ モー ショ ン 議 tobuy desu,0.0,0.0,0.0,0.0,0.0,0.0,0.0,0.0,0.0,0.0,0.9763118624687195
92,45,2434.688888888889,133.49484342465212,139.3585261474396,164.89887222919236,558,朝 サ ロン 軸 感 ブイ 由 番 esiuik 個人 成 想 効 果 克 殺 いで ぃ m び TikTok tobuy desu どの tobuy desu 本 q tobuy desu,0.0,0.0,0.0,0.0,0.6217530965805054,0.0,0.0,0.0,0.3524329662322998,0.0,0.0
93,51,951.9411764705883,126.92852925648069,156.92108144283034,161.03719149797595,368,hadakara プロ モー ショ ン cosme ペスト コス メア ワー ド 信 tobuy desd hadakara プロ モー ショ ン cosme ベス トコ ス メ ア ワー ド hadakara プロ モー ショ ン hadakara プロ モー ショ ン hadakara プロ モー ショ ぬ,0.0,0.0,0.0,0.9790661931037903,0.0,0.0,0.0,0.0,0.0,0.0,0.0
94,67,1645.9253731343283,139.49602824996467,144.30487544153803,154.42206928034324,529,ト リー ゼ プロ モー ショ ン mm リー ゼ プロ モー ション tobuy desu tobuy desu リー ゼ プロ モー ショ ン 諦め 中 TikTok リー ゼ プロ モー ショ ン tobuy desu ひ TikTok tobuy desu ひび TikTok tobuy desu 天 り セッ トバ ウタ ー じ く o ひ TikTok tobuy desu ひ TikTok tobuy desu CD 天風,0.0,0.0,0.0,0.3055584728717804,0.0,0.0,0.0,0.0,0.0,0.0,0.6815353035926819
95,184,2757.4728260869565,155.34023614091825,155.6950138595835,176.8157723015758,553,三 ク 人 才 ッ OM ルレ ジ チ ジ ひ TikTok tobuy desu アー ii さく heamoe GS MD yyt ャ tn moelz r 出す WP ン 約 分 間 リラ ックス タイ ム 時 使い くだ さい 学 パソ コン 作業 本 読む 後 OB SE 約 分 間 リラ ックス タイ ム 時 使い くだ さい 深 パソ コン 作業 本 読む 後 ツン 入浴 後 we 月 じわっ っ ひま ほぐす 虎 回 NE 回 sfwasazyis ム グ g GS 昌 め あずき ど 線 借 すき 使用 釧 品 表 看る 計上 t 内 内 クン My tobuy desu 還 め ト TikTok,0.0,0.0,0.0,0.0,0.0,0.0,0.0,0.0,0.9917402863502502,0.0,0.0
96,53,1678.0,130.94996368767085,130.06940138746552,130.03732389850896,355,rossssus t り 奉 王 プロ モー ショ ン 毎日 活 使い ン び TikTok キー ゴ pbuy des シン ク パリ アコ ー ト ス プレ ー 分 程 故 着く,0.0,0.0,0.0,0.0,0.0,0.0,0.0,0.0,0.0,0.0,0.9727172255516052
97,73,2171.3972602739727,138.27101113154703,141.30517255795687,160.10223036973582,428,花王 プロ モー ショ ン 花王 プロ モー ショ ン そ ふれ SA moshiy tobuy 花王 プロ モー ショ ン 無心 炭酸 泡 音 びび TikTok qmoshiyome tobuy 押 d 記 有 光 章 c TikTok moshiyome tobuy 自分 奈 二 く り,0.0,0.0,0.8770822882652283,0.1047327071428299,0.0,0.0,0.0,0.0,0.0,0.0,0.0
98,191,1370.9895287958116,155.45308225542834,157.68157826271135,149.43262944823974,338,sww トコ タ ひび TikTok tobuy desu つめ a 花王 プロ モー ショ ン 大 優勝 すぎる 宅 rkrok 子 tobuy desu らぶ ッ レン マレ 花王 プロ モー ショ ン l っ び TikTok tobuy desu イメ ー ジ 下 拉る けた あと 普 更 汚れ 孝 分 使える 洗濯 槽 防 カビ 効果 洗 く 構 防 カ ピ 効 果 当 和 泊 誠 大 カビ 講座 フイ ド ハ イ ター EX ハ ワー 大 攻 く 夷 月 還 全 用 洗たく 入校 人 肝 二 和 月 使える 洗濯 槽 防 カビ 効果 く 構 防 カ ピ 効 果 当 和 大 カビ 講座 フイ ド ハ イタ ー EX ハ ワー 馬 半 く 夷 月 還 信用 沙 く 要 作 間 和 月,0.0,0.0,0.0,0.0,0.0,0.993281900882721,0.0,0.0,0.0,0.0,0.0
99,94,2961.904255319149,139.6809386188581,142.2638569312681,149.94707423547243,455,リー ゼ プロ モー ショ ン リー ゼ ぜ プロ モー ショ ン ふわ っ ふわ パフ っ フフ び TikTok tobuy desu アー N ふわ っ ふわ パフ び TikTok tobuy desu トー 友 脂 着 生きる 応 ひ TikTok tobuy desu ひ TikTok tobuy desu ひ TikTok tobuy desu 残 果 保証 スタ イリ ング 効果 り ダ び TikTok tobuy desu ひ TikTok tobuy desu,0.0,0.0,0.8162316679954529,0.0956752747297287,0.0,0.0,0.0,0.0,0.07794559001922607,0.0,0.0
100,110,3180.918181818182,161.1236875848154,166.1755181767116,174.7464724950036,403,hadakara プロ モー ショ ン asnirg hadakara プロ モー ショ ン ょ ワイ トシ キラ hadakara プロ モー ショ ン hadakara プロ キモ ー ション hadakara プロ モー ショ ン tobuy desu 角 賀 如 みみ 多 仙 學 t 氏 仙 交 補る 消 みみ リ 汰 ノ 王 恋 イ トラ スィー 給 め oo ぶ ウ イト シト ヲ 久 ジィ ー 人 s 大 いし tobuy desu,0.0,0.0,0.0,0.9874964952468872,0.0,0.0,0.0,0.0,0.0,0.0,0.0
101,299,1577.428093645485,136.57770056761,127.49659700515242,131.17882975048374,576,ー erdewie 下 直 年 末年 始 ラ te RW 太 ro 二 eb de 直 年 素 年 始 ララ TW ー TikTok 学 tobuy desu hulu プロ モー ショ ン そん 時 相棒 び TikTok tobuy desu hulu プロ モー ショ ン そん 時 相棒 ひ TikTok tobuy desu hulu プロ モー ショ ン ヽ 給 gy び TikTok tobuy desu ぃ 寺 門 リー ズ ほ スペ シャ ル mm テ ひび TikTok tobuy desu っ ひ TikTok tobuy desu ぃ まや 問 鈴 ぅ g MO UA ァ プレ イ プ リ っ モビ ツー ド 衝 ス mmw 了 そん TU オリ シ サ 人 マラ ひ TikTok 人 tobuy desu 泣く 研 下 医 OX EE 芝 大 ちる 修作 生 較 ロ tobuy desu ロサ スベ ン メ うー reset tobuy desu 人 時 人 ひ TikTok tobuy desu きく ぎ 窓 ドラマ 必 計り ひ TikTok kt ー バ パパ ー goduy clesu 自 彼氏 来る hap 計 サン タ サー リー ス we ー ッ ルン 間 ト TikTok tobuy desu ひ TikTok tobuy desu 隊 a 間 加 人 デー ト ディ ズ ニ ー 見る TikTok tobuy desu ひ TikTok tobuy desu ひ TikTok tobuy desu ー 生 家 赤 望 ひ TikTok tobuy desu,0.0,0.0,0.0,0.0,0.0,0.0,0.0,0.0,0.0,0.0,0.9958510398864746
102,136,5303.448529411765,124.16400899717003,122.77740010093373,121.23515995735413,558,te 時 p 和 N じ 地下 ト heulu プロ モー ショ ぬ ー H tobuy des 中 LT 思 t 始 り 所 s oo 押 和 f ぅ stobuy desu hulu 参 更 ハ マ っ 喝 W 以つ っ ー DISNEY 十 灯る 子 ちと セト メニ ー ニメーション PB UN tobuy desu mA う 電 内 cn ひ riktok tobuy desu hulu yt 人 W 計 人 セッ ト プ ラ ン aey ウ sey pxar 半 間 吾 時 HE ST r TP 導 ー TikTok tobuy desu ME ln,0.0,0.0,0.0,0.0,0.0,0.0,0.0,0.990622341632843,0.0,0.0,0.0
103,43,5085.139534883721,126.11334711283058,141.23859504813808,155.2553976184674,500,eo 絶対 使う 欲しい いく ひ TikTok tobuy desu 小林 製薬 プロ モー ショ ン tobuy desu WW あの 請 詳 dvdejudg び TikTok ヽ tobuy desu ひ TikTok 直 ヽ tobuy des 志 人,0.0,0.0,0.0,0.0,0.9749952554702759,0.0,0.0,0.0,0.0,0.0,0.0
104,43,5085.139534883721,126.11334711283058,141.23859504813808,155.2553976184674,500,eo 絶対 使う 欲しい いく ひ TikTok tobuy desu 小林 製薬 プロ モー ショ ン tobuy desu WW あの 請 詳 dvdejudg び TikTok ヽ tobuy desu ひ TikTok 直 ヽ tobuy des 志 人,0.0,0.0,0.0,0.0,0.974994957447052,0.0,0.0,0.0,0.0,0.0,0.0
105,153,1433.7320261437908,135.90481809738583,137.9735331951118,145.46980323842038,398,kose プロ モー ショ ン 人 tobuy desu W レる ひひ TikTok tobuy desu っ 馴染 ひ TikTok iohuy desu 議 凍 上 和 打 保 克 いで ベタ つが ひび TikTok tobuy desu 個人 克 多 洒 保 征 いで すす 人 あと 上 TikTok レノ リ ー ム わ り tobuy desu リー ム わり TikTok レる リ ー ム わ り tobuy desu 個人 感 多 果 保 計 いで 乾燥 肌 ctiktok 偶 人 婦 到 効果 保 計 いで 物 禄 ミ り,0.0,0.0,0.9898844957351685,0.0,0.0,0.0,0.0,0.0,0.0,0.0,0.0
106,62,2397.516129032258,151.92269423402536,155.16655416874295,166.56835360546137,360,m アベ ン ヌ プロ モー ショ we N ュ ー ション 引 ト っ 父 ョ e 含 多 ー レン US 良く く au thfraal AVE NE eau TH mA ezo SP N mogy apoisanfe gdoucissome soo 訪 g SO eng pegux sensiblss or sensyve 計,0.0,0.0,0.0,0.0,0.0,0.0,0.0,0.0,0.9816260933876038,0.0,0.0
107,154,2321.0,140.26445961197356,119.05446573756703,128.9647258068202,496,陸 同 り 冷え 小 株 概 業 プロ モー ジ tobuy desu 前 裏 技 小 株 昔 業 プ 発 二 体 kg 発熱 体 必 ID 上 うら 個人 感想 耳 じ わ ぁ ー っ 品 まつ 個人 感想 t ト 前 g ト W メ イヤ ー ビ ー ス サイ ズ s m 付 嫌 付 う ぁ u 夜 PR 上 ン アン く 防音 り 温 っ 夢 和 個人 TY ト m TY ト 人 人 イヤ ー ビ ー ス サイ ズ m 付 づ 呈 わぁ ンー ンー 個人 感想,0.0,0.0,0.0,0.0,0.0,0.0,0.9911738038063049,0.0,0.0,0.0,0.0
109,143,769.8601398601398,154.50973561899903,153.172649227004,161.39737807862943,437,REVLON プロ モー ショ ン RS ょ っ 待つ REVLON プロ モー ショ ン REVLON プロ モー ショ ン EE iii リッ プ 即 つげ う ゃ っ REVLON プロ モー ショ ン pey YS ッ プ つげ ラジ ゃ っ 睦 REVLON プロ モー ショ ン REVLON プロ モー ショ ン 個 人 想 効 果 保証 いで 個 人 想 効 果 保証 いで ヾ 信人 破 相 果 保 尋 いで 和 ひ tikto tobuy DI d 個 人 閥 ひ TikTok fobuy desl,0.0,0.0,0.0,0.7446175217628479,0.0,0.0,0.0,0.0,0.24628911912441254,0.0,0.0
110,196,794.4489795918367,160.9069151610871,163.71618823578044,168.08094338793754,399,ュー ン ンー 韓 流行 っ 肌 つく REVLON プロ モー ショ ン REVLON プロ モー ショ ン プティ フレ ックス 処 合う 伸 ひ 系 共 上 う けた 的 くい 状 陣 続き ER キネ ットワーク 迷 肥 法 布 後 フ レキ シフ ルフ ィ ルム 肌 ビタ ッ 政 者 合う 伸 ひ 名 交 作造 形成 けた 反 持 級 ちち くい 状 続き ttf EE ネットワーク 机 天 ER キネ ットワーク 迷 テア 個 人 感想 効 果 保証 いで 個 人 感想 効 果 保証 いで ペー うる サヤ 感,0.0,0.0,0.0,0.0,0.0,0.0,0.0,0.0,0.9908136129379272,0.0,0.0
112,63,1443.3968253968253,156.26045314520934,153.79425936418082,148.06333947483643,452,測 林 表 策 プロ モー ショ ン tiktole ェ ー すず MR ズ 鼻 奥 洗える 史 う ト 必 性 矢橋 販売 名 ハ ナノ ア 選出 箇 号 b x t ェ ッ ト 大 り ラリ,0.0,0.0,0.0,0.0,0.0,0.0,0.0,0.0,0.9780406355857849,0.0,0.0
113,63,2555.6031746031745,142.69072498444447,152.01421324302248,158.79638100819733,384,メル ヴィ ー タ プロ モー ショ ン メル ヴィ ー タ プロ モー ショ ン N メル ヴィ ー タ プロ モー ショ ン ブー スタ ー メル ヴィ ー タ プロ モー ショ ン tobuy desu び TikTok tobuy desu ひ TikTok moduy desu メイ クノ リ レベ チ 記,0.0,0.0,0.0,0.0,0.0,0.0,0.0,0.0,0.0,0.0,0.9830155968666077
114,127,2807.5905511811025,143.17546037317726,142.00002961229725,144.24759352333353,433,ひ TikTok tobuy desu いる すけ どぉ ー 記 び TikTok ウ u tobuy desu GU プロ モー ショ ぬ ュー ング ブ チ レン ダー GU オ タ 集 合 びび TikTok tobuy desu GU プロ モー ショ ン ずみ 始め ひ tikt tobuy DEL GU mania GU プロ モー ショ ン 参 座談 会 商品 企 画 開発 参加 きる チャ ンス GU 商品 レビ ュー 抽 選 投稿 くだ さっ 方 中 待 門 談 会 提 神 っ ッ,0.0,0.0,0.0,0.0,0.0,0.0,0.0,0.0,0.0,0.0,0.9892823696136475
115,66,1680.3181818181818,175.74187831079166,161.432678387171,189.47176025339215,513,l 中 ロ ト ド TikTok tobuy z び ひ TikTok tobuy z romand JP FF OFF 守 クー ボン 養生 先 准 回 クー ポン 獲る 待 期間 月 日 本 月 日 土 クー ポン 利用 期間 月 日 月 月 日 s,0.0,0.588141918182373,0.0,0.0,0.0,0.0,0.39446166157722473,0.0,0.0,0.0,0.0
116,83,4915.457831325301,154.65348997820254,146.64308810041817,164.59281222304693,551,楽天 xe g H 素 天 プロ モー ショ ン 埋 コ スマ チュ リ ょ e う 穴 ぎ 神 商品 コス マチ ュ リ 買う 神 商品 ひ TikTok tobuy desu ー It nao 諸 edle sjor synergy mm smlk tuit tobuy des ひ TikTok tobuy desu TikTok tobuy desu び TikTok tobuy desu 較 コ スマ チュ リ robloderm CE reedle SA synergy cleansing GEL まじ 示る 買 ひい,0.0,0.0,0.0,0.0,0.0,0.987667977809906,0.0,0.0,0.0,0.0,0.0
117,196,2127.1785714285716,124.80118400978311,137.36264147686433,151.6586265145792,520,間 上 ル り ク ス プロ モー ショ ン 沙 着 u じ 車 ル り ー クス プロ モー ショ ン 車 ル り ク ウス プロ 晴雨 義 用 日 常 使い 便利 つの 機能 雨 日 晴れ 日 使える 兼用 タイ ブ ー UV カ ッ ト 僅 光 遮 熱 拉る 水防 水 対応 ポリ ウレ タン コー ティ ング 加工 生地 採用 晴雨 兼用 UV カ ッ ト 率 upf 段 階 中 最高 了 度 光 率 遮 熱 効果 揚水 防 水 指 挟み くい 安全 カバ ー 付 構 千 け 記 安全 カ ハ ー サイ ド 持つ UV カ ッ ト 率 ひ ひ oo see ass 了 ー 開発 者 猫 っ 健 捨 浴 捨 思う 作り まし,0.0,0.0,0.9931798577308655,0.0,0.0,0.0,0.0,0.0,0.0,0.0,0.0
118,135,1978.5703703703705,112.25803297878277,121.42283909225422,135.64183889577998,440,半 人 上 ウイ メー ジ リー ゼ プロ モー ショ ン 症 前 ド 間 ひ trktok tobuy desu ト m 学 ー tytn ー ン work リー ー ゼ プロ モー ッ ョ ン ln ズバ ー 了 ひび TikTok tobuy desu 仁 上がる イメ ー ジ ひ TikTok tobuy desu リー ゼ プロ モー ショ ン is がら e 放 SH 自 紀 ひ TikTok tobuy desu WM 有 パケ 可愛 く リニュ ー ア ル らしい 仁 上 炎 り イメ ー ジ Ca キア ン ル JI ひ TikTok tobuy desu 仕上がり イ メー ジ 回 宰 TikTok tobuy desu,0.0,0.0,0.0,0.0,0.0,0.0,0.0,0.0,0.0,0.0,0.9915067553520203
119,65,1300.0307692307692,133.97332922842932,148.27910471983262,157.31753485210848,338,光る 見る づつ 暑い 之 リ 上 蘭 奈 プロ モー ショ ン ナリ ス 化 粧 プロ モー ショ ン ioduy desu tobuy desu W ク 前 深 っ ゃ 感じ 珍 り ラ ダ イ TikTok tobuy d EPS バグ EAP 計,0.0,0.0,0.0,0.0,0.0,0.0,0.0,0.9799940586090088,0.0,0.0,0.0
120,137,1881.2408759124087,144.11919199741016,145.17775931913914,157.0471498709207,467,ル マ イ ルド プロ モー ショ ン り 秒 ぅ 風呂 上 り ES ゆ ひび TikTok tobuy desu 上 名 用 マイ ルド ズ ト ka 回 中 名 用 マイ ルド ズ ト ka 回 天 画 了 価 マ イル 二 ス ト FA 還 和 じ すい 放 提 叩 毎日 使える 高 保温 ミス ト 化 粧 水 濁 パリ ン 上 類似 物質 配合 台 人 AP cica 成 分 配合 澤 江 剤 セラ ミド 搬 羽 人 温 酒 剤 アロ エエ キス 配合 漫 油剤 リピ ジュ ア 配合 漫 油剤 中 tobuy desu 上 ゴ 江 コ 全身 使,0.0,0.0,0.0,0.0,0.0,0.0,0.0,0.0,0.0862523764371872,0.0,0.906536340713501
121,69,6580.014492753623,136.95437945210972,150.996990619869,157.65701018340613,324,ひひ プ ロモ ー シ ー mm アイ 呈 由 握手 会 MP 環 q らしい 肌 TK ー ン 人 大 好き tobuy desu 小 製 薬 プロ モー ショ ン 回 臭 k ゆ う 回 臭 k ゆ う,0.0,0.0,0.0,0.0,0.0,0.0,0.0,0.0,0.9790629148483276,0.0,0.0
122,122,3317.245901639344,154.43085813890437,158.91530519097262,169.63688025570636,490,atone プロ モー ショ ン qoe 移 ico つば 買 人 買 よわい atone プロ モー ショ ン び TikTok tobuy desu j 中 時 Pt N 久光 ウ め 番号 炊 面倒 久光 ウ め 番号 炉 面倒 ウ pe OX e o めぐ ガ In qtotug 傘 える OFF qooo メガ 割 実施 中 有 ラ きり 守 放 中 中 qtotug 傘 ぇ OFF qooo メガ 割 実施 中,0.0,0.7800229787826538,0.0,0.0,0.0,0.0,0.0,0.0,0.0,0.0,0.2090151607990265
123,50,3867.76,131.77524155686734,142.1920510508917,155.22642913066443,348,花王 プロ モー ショ ン 花王 プ ロモ ー ション ー ジ a 誠 MNO 艇 流 I sleg 時 DI ピッ カ g ン H 里 ウ 交 カウ tobuy desu tobuy desu ひび TikTok tobuy desu,0.0,0.0,0.0,0.1611464023590088,0.8183342814445496,0.0,0.0,0.0,0.0,0.0,0.0
124,44,1308.2954545454545,147.61271829548355,144.62565140528832,160.35558147205782,350,レプ REVLON プロ モ モバ Co ツ REVLON プロ 役 ショ ン ひ TikTok tobuy z ナチ ュ 盛 清 ひ TikTok tobuy z グ ィ あざ ひ TikTok tobuy z ひ TikTok ii,0.0,0.0,0.0,0.6021031737327576,0.3750339150428772,0.0,0.0,0.0,0.0,0.0,0.0
125,73,3317.054794520548,123.47789231044372,139.67716134883955,171.2868707487994,475,時 EE 束 mm tobuy desi 隊 ル パン テー ン プロ モー ショ W ン y ア ン レる ハメ N ジョ ジ I コ f 週間 長持ち 和 SE NE 了 サ TikTok tobuy desu pantene miracles bond repair treatment レー oyk BC,0.0,0.0,0.0,0.0,0.0,0.0,0.0,0.0,0.0,0.0,0.9804279208183289
126,29,3111.689655172414,154.13331597941522,145.8910343654366,175.29268264581594,413,較 目 医薬 品 デ ロ f 計 ゃ プ TikTok tobuy desu 顔 目 わり c ぁ 使える 皮ふ,0.0,0.0,0.0,0.0,0.0,0.0,0.9571309089660645,0.0,0.0,0.0,0.0
127,33,4192.575757575758,172.65038027435523,173.54975818975572,175.0446994344757,415,AS kw ぶ 四 回 MI 訂 imm 訪 光 有 人 く 細い 別 安 征 AS 舞 aya RE プア 劉 信 二 編 応 提,0.0,0.0,0.0,0.0,0.0,0.0,0.0,0.0,0.9689553380012512,0.0,0.0
128,73,2737.041095890411,138.4030015631792,146.0605955959502,159.12568897305215,410,ひ TikTok 剛 コ 待 いる リー ゼ プロ モー ショ ン 人 寺 りす eem ウ イマ メー メス ー キ マウ 和則 olrpoen PB 膨 所 Fe W ウ 上り バー ム 上 円 涯 tobuy desu,0.0,0.0,0.0,0.09603685885667801,0.0,0.0,0.0,0.0,0.0,0.0,0.8839561939239502
130,369,1365.6260162601627,143.80960318440464,152.55688090138855,172.82928760815707,551,トコ ツ MO au 見る 選 記 用 基 ュ ュ o 方 人 wu 吉 NS w パ N パ コス パ o N キー プロ ー シ SG っ スタ イリ ング 間 果 うる 誤 える 明 拓 史 果 仕る 上 リ イメ 人 人 聞 誠 的 果 全 記 スタ イリ ング 間 果 うる 誤 える 明 拓 史 果 仕る 上 リ イメ 人 人 聞 誠 的 果 全 記 グ 和 効果 うる 生える 時 的 効果 仕る 上 り イ メー ジ 個人 虹 要 効果 保 記す いで スタ イリ ング 効果 うる ー 時 的 人 効果 仕る 上 り イ 軍人 人 昌代 いで WW ダメ ー ジ 補修 須 オイ ル In スタ イリ ング 間 黒 うる 避 時 的 人 効果 仕る 上 り イ メー ジ 個人 晃 揚 効果 スタ イリ ング 彰 果 うる 在 王 時 的 人 効果 仕上 り イ メ 個人 敵 損 効果 保証 かい ささ さす スタ イリ ング 効果 うる える 陸前 効果 仕る 上 り イ メ 個人 肖る 畑 効果 保証 いで すず ンプ tobuy desu ー,0.0,0.0,0.0,0.0,0.0,0.0,0.0,0.0,0.995430588722229,0.0,0.0
131,23,1614.4347826086957,140.5167569995703,145.25206283624632,160.29862512089514,506,ケー プ プロ モー ジョ ン ケー プ プロ モー ジョ ン び TikTok 半 ア tobuy desu 証 問題,0.0,0.0,0.0,0.0,0.0,0.0,0.0,0.9571301937103271,0.0,0.0,0.0
133,71,1948.0281690140846,137.62125625171552,142.23268035316664,155.8760493714979,305,リー ゼ プロ モー ショ ン リー ゼ プロ モー ショ ン くそ 盛 り 代 島 raperao gatec ocuhth リー ゼ プロ モー ショ ン リー ゼ プロ モー ショ ン 夜 j く そ 盛 ンー 〆 訂 ひ TikTok tobuy desu,0.0,0.0,0.0,0.9799949526786804,0.0,0.0,0.0,0.0,0.0,0.0,0.0
134,18,674.4444444444445,158.70171692839907,161.96873171064493,166.34529247626625,418,ヴィ セ プロ モー ショ ぬ ー ヽ 記 ヴィ セ プロ モー ショ ン otobuy desu,0.0,0.0,0.09048400819301605,0.0,0.0,0.0,0.0,0.0,0.0,0.0,0.8650510311126709
135,49,4210.2040816326535,136.68896898857398,138.5928668529012,150.8903999450347,394,還 ニー リー ゼ プロ モー ショ ン tobuy desi mm ー mai 放 リーゼ プロ モー ショ ン tobuy desu 生む リー ゼ プロ モー ショ ン パ 軸 ひ TikTok tobuy desu tobuy desu,0.0,0.0,0.0,0.22988450527191162,0.0,0.0,0.0,0.0,0.0,0.0,0.7484884858131409
136,73,3663.890410958904,130.53339976584942,133.89019366035416,143.55336426465718,402,uno プロ モー ジョン っ ンズ 商 c 者 tobuy mendazo uno プロ モー ショ ン ro ンズ 計 マ tobuy mendazo tktok デ 和民 ンー ト um グッ naturalu 生地 mwruo 蜂 UV ケ ア 置く 換え 塗る け 簡単 めっちゃ 人 感 じ vg トコ ひ TikTok tobuy mendazo,0.0,0.0,0.0,0.0,0.0,0.0,0.0,0.9826878905296326,0.0,0.0,0.0
137,86,2107.593023255814,137.8102936015138,144.7607695922652,152.34298529187978,514,FANCL プロ モー ショ ぬ ー 陸 FANCL プロ モー ショ ン 歳 寝 不足 全然 平気 っ 肌 ど くる っ ikto tobuy desu FANCL プロ モー ショ ン tobuy desu 残業 今 放 暫 ー トー 中 び TikTok tobuy desu び TikTok tobuy desu SD ひ TikTok tobuy desu 個人 感想 効果 保証 いで ひび TikTok tobuy desu,0.0,0.0,0.0,0.0,0.0,0.0,0.0,0.0,0.1226252019405365,0.0,0.8644675612449646
138,85,2582.964705882353,132.09737511320492,133.25014714789157,140.6991102841469,306,本 ー ケー プ プロ モー ショ ン アー ル リ ケー ブ プロ モー ショ ン スカラ うい 見る ケー プ 独自 好 方 前 拳 夕方 前 さき 和 ケー プ プロ モー ショ ン tikte tobuy desi 白い 粉 出 せん クア RS ア tkek 遇 電 白い 粉 出 せん,0.0,0.0,0.0,0.0,0.0,0.0,0.0,0.0,0.9836314916610718,0.0,0.0
139,155,4979.916129032258,163.09155248231957,161.5683758722947,175.30975292817146,465,プー ル いな 塩素 臭 臭 ドー ニー マ ー ン ブール 足 思索 UN キッ チン 光 パ バイター キリ チン 旋 バ イタ ー プロ モー ション nasep ン ンー Kb けが ス 胡 わけ ます 人 所 用 湯 KO ハイ ター ハ 没 け 陣 り 交 泡 AM 過 飲 選 け 軍 邊 中 国 場所 くだ さい リロ ウィ オフ ジイ ヤー PG 人 rir ター ング It 中 ME ハイク 所 り 了 ンス,0.0,0.0,0.0,0.0,0.0,0.0,0.0,0.9891536831855774,0.0,0.0,0.0
140,99,1413.2323232323233,183.50024098417282,180.99512901073058,178.08563554803823,345,回 区 選 SE ー RE デコ すごい く 広 いか ほ っ 人間 く っ 計り うし 量り ええ ええ liese ショ ン l コ ロ ゃ e ユミ 仕る 上 り イ メー ジ リー ゼ プロ モー ショ ン ひび TikTok tobuy desu バレイ MT タダ,0.0,0.0,0.0,0.0,0.0,0.0,0.0,0.0,0.0,0.0,0.9819938540458679
141,59,3417.6101694915255,115.0142808023702,111.33763377203061,114.25570991515455,643,レプ ロン プロ モー ショ ン レプ ロン プロ モー ショ ン アン ダー ザ レる ー ダ メ タリ ッ ク ト ー プ ティ ホー ル 宇 タ プラ 半 明 認 リ m 用 イ 了 ルル 間 回 回 際 較 和 ye,0.0,0.0,0.0,0.0,0.0,0.0,0.0,0.9812436103820801,0.0,0.0,0.0
142,117,3247.358974358974,137.57151631821867,135.04107170764485,150.44233577784814,308,リー ゼ プロ モー ショ ン 鈴 行く ワイ ガオ 部 半 mktek EE 週 飲む 行く ワイ 量 人 屋 押 交 名 区 ス タイ リン グ 間 リー ゼ プロ モー ジョン 倍 党 ゅ 秒 まとまる N ツヤ 胡 倍速 間 krok 電 秒 まとまる ツヤ 睦 倍速 PP m 和 う erkng 女 爆 誕 ト Ti ktok tobuy,0.0,0.0,0.0,0.9861502051353455,0.0,0.0,0.0,0.0,0.0,0.0,0.0
143,98,3330.918367346939,143.84755380849793,142.99616640625104,158.12201967898335,295,気 CD ゆ まめ リー ゼ プロ モー ショ ン リー ゼ プロ モー ショ ン 韓国 アイ ド 少 且 異 ぶ マン ァ 古 TikTok tobuy desu リー ぜ プロ モー ション 韓国 必 ド リル 風 胡 作る Ar リー ゼ プロ モー ショ ン ッ ツ ヤ ササ ひ TikTok tobuy desu づ ッ ツ ヤ り ひび TikTok tobuy desu 人 いら ME 四,0.0,0.0,0.0,0.9871388673782349,0.0,0.0,0.0,0.0,0.0,0.0,0.0
144,45,1653.9333333333334,149.70688152824604,151.4269163447002,160.40225657008358,262,早い 知 め リー ゼ プロ モー ショ ン リー ゼ プロ モー ショ ン さら っ さら 電 ひび TikTok tobuy desu さら っ さら び ひ TikTok tobuy desu,0.0,0.0,0.0,0.5236172080039978,0.0,0.451376736164093,0.0,0.0,0.0,0.0,0.0
145,109,948.954128440367,150.33158455759195,158.15085953470242,170.9564825527709,398,どら OS 回 雇 光 め uas 較 m desu 日 具 較 生 まれ 日 邊 肌 党 生 まれ 貞 朋 手 生 まれ onio nonic nonio 還 oke ogs My el イッ YO ow gow pi っ ー ア 枝 外 和 了 上 ライ オン デン タル ペー スト ya ライ オン デン タル ペー スト yd ライ オン デン タル ペー スト YC 内 ト トリ プル アク ショ ン hai 上 まり 分 散 プレ スリ ラフ レる ッシュ au,0.0,0.0,0.0,0.0,0.0,0.0,0.989652693271637,0.0,0.0,0.0,0.0
146,114,2175.245614035088,169.61380576718494,169.75173894817715,171.60709751253566,282,ー ライ サンウ プ ロモ ー ション 回 多 記 SC 口臭 トリ プル アク ショ ン 間 品 邊 原因 苗 徹底 殺菌 プレ スリ フレ ッシュ 側 役 克 口臭 トリ プル アク ショ ン 請 昌 内 ー 口 穫 原 因 菌 まり 分 散 eee レー 本 品 邊 原因 菌 徹底 殺菌 ー デー ジ プレ スリ フレ ッシュ 口臭 トリ プル アク ショ ン 口 邊 原因 菌 まり 分 散 品 邊 原因 菌 徹底 殺菌 プレ スリ フレ ッシュ,0.0,0.0,0.0,0.0,0.0,0.0,0.0,0.0,0.9898861646652222,0.0,0.0
147,74,1477.7837837837837,182.14059832753907,181.75025172343607,184.88422060567552,359,ライ オン プロ モー ジョ ン 口臭 トリ プル アク ショ ン ロ 原 貞 まり 分 散 時 原因 苗 徹底 殺菌 全身 店 分 lss フレ スリ フレ ッシュ TP 口臭 トリ プル アク ショ ン まり 分 口 四 原 因 菌 プレ スリ フレ ッシュ プレ フフ レラ シュ う,0.0,0.0,0.0,0.0,0.0,0.0,0.0,0.0,0.9836326241493225,0.0,0.0
148,282,1701.3510638297873,138.82979657457838,154.4294372767316,160.6515976545789,525,KJ ュー ニュ ー ょ W ン r s ー みず 銀 行 ブロウ モーション 移 休 利 みず 銀 行 プロ モー ショ ン 金 確 遊ぶ う j け みず ほ 銀 行 プロ モー ショ ン 二 識 別 銀行 送金 ンー デ W o 座 チャ ー ジ 画 豆 細い チャ 因 ジ 本 ei ン 数 料 無類 トー te 手数 料 払 うう 嫌 ー EE jcoin ひ ほ Wallet coin PAY 連携 回 o 骨 元 率 フ ッ プ きく っ N 始め 今 チャ ヤン スルメ 抽せん CP 全 ユ ー ザ ー 抽せん j coin ボ ー ナ ス 当たる ァ 新規 ユー ザー 初め 口座 登録 コ coin ボ ー ナ ス moshiyome tobuy キャ ン ペ ー ン 期間 年 月 日 本 っ ンプ 日 d 日 炎 新規 ユー ザー 初め 口座 登録 ゴ ンー 抽せん CP 全 ュ ユー ザー 換 j coin ボ ポー ナス 当たる ヶ 全 加盟 店 部 加盟 店 除く 決済 利用 請 求 書 払い 対象 外 店 舗 こち,0.0,0.0,0.0,0.0,0.0,0.0,0.0,0.0,0.0,0.0,0.9950811862945557
149,282,1701.3510638297873,138.82979657457838,154.4294372767316,160.6515976545789,525,KJ ュー ニュ ー ょ W ン r s ー みず 銀 行 ブロウ モーション 移 休 利 みず 銀 行 プロ モー ショ ン 金 確 遊ぶ う j け みず ほ 銀 行 プロ モー ショ ン 二 識 別 銀行 送金 ンー デ W o 座 チャ ー ジ 画 豆 細い チャ 因 ジ 本 ei ン 数 料 無類 トー te 手数 料 払 うう 嫌 ー EE jcoin ひ ほ Wallet coin PAY 連携 回 o 骨 元 率 フ ッ プ きく っ N 始め 今 チャ ヤン スルメ 抽せん CP 全 ユ ー ザ ー 抽せん j coin ボ ー ナ ス 当たる ァ 新規 ユー ザー 初め 口座 登録 コ coin ボ ー ナ ス moshiyome tobuy キャ ン ペ ー ン 期間 年 月 日 本 っ ンプ 日 d 日 炎 新規 ユー ザー 初め 口座 登録 ゴ ンー 抽せん CP 全 ュ ユー ザー 換 j coin ボ ポー ナス 当たる ヶ 全 加盟 店 部 加盟 店 除く 決済 利用 請 求 書 払い 対象 外 店 舗 こち,0.0,0.0,0.0,0.0,0.0,0.0,0.0,0.0,0.0,0.0,0.9950811862945557
150,282,1701.3510638297873,138.82979657457838,154.4294372767316,160.6515976545789,525,KJ ュー ニュ ー ょ W ン r s ー みず 銀 行 ブロウ モーション 移 休 利 みず 銀 行 プロ モー ショ ン 金 確 遊ぶ う j け みず ほ 銀 行 プロ モー ショ ン 二 識 別 銀行 送金 ンー デ W o 座 チャ ー ジ 画 豆 細い チャ 因 ジ 本 ei ン 数 料 無類 トー te 手数 料 払 うう 嫌 ー EE jcoin ひ ほ Wallet coin PAY 連携 回 o 骨 元 率 フ ッ プ きく っ N 始め 今 チャ ヤン スルメ 抽せん CP 全 ユ ー ザ ー 抽せん j coin ボ ー ナ ス 当たる ァ 新規 ユー ザー 初め 口座 登録 コ coin ボ ー ナ ス moshiyome tobuy キャ ン ペ ー ン 期間 年 月 日 本 っ ンプ 日 d 日 炎 新規 ユー ザー 初め 口座 登録 ゴ ンー 抽せん CP 全 ュ ユー ザー 換 j coin ボ ポー ナス 当たる ヶ 全 加盟 店 部 加盟 店 除く 決済 利用 請 求 書 払い 対象 外 店 舗 こち,0.0,0.0,0.0,0.0,0.0,0.0,0.0,0.0,0.0,0.0,0.9950811862945557
151,23,1386.5217391304348,130.41150439762598,127.42925802923027,130.5737569388105,307,兄 窟 世 刀 ひ TikTok tobuy z び riktok tobuy z リー ゼ プロ モー ショ ン 秒 スッ キリ,0.0,0.0,0.0,0.3031441867351532,0.0,0.6604823470115662,0.0,0.0,0.0,0.0,0.0
152,51,1103.6274509803923,172.06090187132673,177.74269162723448,176.06917920822204,690,リー ゼ プロ モー ショ ン リー ゼ プロ モー ショ ン EE リー ゼ プロ モー ショ ン Be リー ゼ プロ モー ショ ン te ー ー ト ー pmgrppe tobuy 個 人 感想 個 人 感想,0.0,0.0,0.0,0.9774970412254333,0.0,0.0,0.0,0.0,0.0,0.0,0.0
153,51,1103.6274509803923,172.06090187132673,177.74269162723448,176.06917920822204,690,リー ゼ プロ モー ショ ン リー ゼ プロ モー ショ ン EE リー ゼ プロ モー ショ ン Be リー ゼ プロ モー ショ ン te ー ー ト ー pmgrppe tobuy 個 人 感想 個 人 感想,0.0,0.0,0.0,0.9774970412254333,0.0,0.0,0.0,0.0,0.0,0.0,0.0
154,51,1103.6274509803923,172.06090187132673,177.74269162723448,176.06917920822204,690,リー ゼ プロ モー ショ ン リー ゼ プロ モー ショ ン EE リー ゼ プロ モー ショ ン Be リー ゼ プロ モー ショ ン te ー ー ト ー pmgrppe tobuy 個 人 感想 個 人 感想,0.0,0.0,0.0,0.9774969816207886,0.0,0.0,0.0,0.0,0.0,0.0,0.0
155,40,4415.625,149.0130125852014,144.66964873668297,144.40662374733046,434,gsrnmz ES ちい ほんま 使う a 人 由 ロ ひ TikTok tobuy z ー べ べ N 個 人 感想,0.0,0.0,0.0,0.0,0.9571388363838196,0.0,0.0,0.0,0.0,0.0,0.0
156,40,4415.625,149.0130125852014,144.66964873668297,144.40662374733046,434,gsrnmz ES ちい ほんま 使う a 人 由 ロ ひ TikTok tobuy z ー べ べ N 個 人 感想,0.0,0.0,0.0,0.0,0.9571388363838196,0.0,0.0,0.0,0.0,0.0,0.0
157,40,4415.625,149.0130125852014,144.66964873668297,144.40662374733046,434,gsrnmz ES ちい ほんま 使う a 人 由 ロ ひ TikTok tobuy z ー べ べ N 個 人 感想,0.0,0.0,0.0,0.0,0.9571388363838196,0.0,0.0,0.0,0.0,0.0,0.0
158,33,21103.81818181818,163.23589175228395,174.72760347988836,187.747769676249,588,約 はる 軍 EE う う dalba 年 中 優秀 直 マ ひび TikTok ー desu ru 生還 還 還 楽天 人 り,0.0,0.10688209533691406,0.0,0.0,0.0,0.0,0.8597744107246399,0.0,0.0,0.0,0.0
159,171,1279.5029239766081,175.21626702470493,169.76746551933095,169.4146666671779,505,楽天 ゴロ モー ジョ ッ 夏 フェ ス マ バ 贅 楽天 韓 ゴ 楽天 m づ コロ モーゼ ョ フ ひ TikTok tobuy z 店 楽天 貞 応 東 目 ほ 選 q ディリー づ ラ ッ サ ロ 最後 ヴ ブリ ッ ラ ー 優勝 きく マイ フラ ッッ ウス カマス ブリ ラテ 人 衝 n 回 使える クー ポン 配布 中 ノ OFE 先 着 加 クー ポン 獲得 期間 月 日 金 月 日 日 クー ボン 利用 期間 月 日 炎 月 日 日 け 和 用 島 め 上 世 計 涯 ます 中 人 代 H ー ホ ポッ 谷 引用 対象 ショ ッ プ キャ ン ペ ー ン ぽい 第,0.0,0.9924992322921753,0.0,0.0,0.0,0.0,0.0,0.0,0.0,0.0,0.0
160,171,1279.5029239766081,175.21626702470493,169.76746551933095,169.4146666671779,505,楽天 ゴロ モー ジョ ッ 夏 フェ ス マ バ 贅 楽天 韓 ゴ 楽天 m づ コロ モーゼ ョ フ ひ TikTok tobuy z 店 楽天 貞 応 東 目 ほ 選 q ディリー づ ラ ッ サ ロ 最後 ヴ ブリ ッ ラ ー 優勝 きく マイ フラ ッッ ウス カマス ブリ ラテ 人 衝 n 回 使える クー ポン 配布 中 ノ OFE 先 着 加 クー ポン 獲得 期間 月 日 金 月 日 日 クー ボン 利用 期間 月 日 炎 月 日 日 け 和 用 島 め 上 世 計 涯 ます 中 人 代 H ー ホ ポッ 谷 引用 対象 ショ ッ プ キャ ン ペ ー ン ぽい 第,0.0,0.9924992918968201,0.0,0.0,0.0,0.0,0.0,0.0,0.0,0.0,0.0
161,171,1279.5029239766081,175.21626702470493,169.76746551933095,169.4146666671779,505,楽天 ゴロ モー ジョ ッ 夏 フェ ス マ バ 贅 楽天 韓 ゴ 楽天 m づ コロ モーゼ ョ フ ひ TikTok tobuy z 店 楽天 貞 応 東 目 ほ 選 q ディリー づ ラ ッ サ ロ 最後 ヴ ブリ ッ ラ ー 優勝 きく マイ フラ ッッ ウス カマス ブリ ラテ 人 衝 n 回 使える クー ポン 配布 中 ノ OFE 先 着 加 クー ポン 獲得 期間 月 日 金 月 日 日 クー ボン 利用 期間 月 日 炎 月 日 日 け 和 用 島 め 上 世 計 涯 ます 中 人 代 H ー ホ ポッ 谷 引用 対象 ショ ッ プ キャ ン ペ ー ン ぽい 第,0.0,0.9924992918968201,0.0,0.0,0.0,0.0,0.0,0.0,0.0,0.0,0.0
162,171,1279.5029239766081,175.21626702470493,169.76746551933095,169.4146666671779,505,楽天 ゴロ モー ジョ ッ 夏 フェ ス マ バ 贅 楽天 韓 ゴ 楽天 m づ コロ モーゼ ョ フ ひ TikTok tobuy z 店 楽天 貞 応 東 目 ほ 選 q ディリー づ ラ ッ サ ロ 最後 ヴ ブリ ッ ラ ー 優勝 きく マイ フラ ッッ ウス カマス ブリ ラテ 人 衝 n 回 使える クー ポン 配布 中 ノ OFE 先 着 加 クー ポン 獲得 期間 月 日 金 月 日 日 クー ボン 利用 期間 月 日 炎 月 日 日 け 和 用 島 め 上 世 計 涯 ます 中 人 代 H ー ホ ポッ 谷 引用 対象 ショ ッ プ キャ ン ペ ー ン ぽい 第,0.0,0.9924992918968201,0.0,0.0,0.0,0.0,0.0,0.0,0.0,0.0,0.0
163,54,3246.4074074074074,149.9567640600458,152.6003922241484,165.28728620264826,497,クリ ニカ プロ モー ショ ン tobuy desu pH 伯 駅 クリ ニカ プロ モー ショ ン GK ぐ ul 際 クリ ニカ プロ モー ショ ン いさ nn ゃ 旬 相 更 くる つの 出番,0.0,0.0,0.0,0.9756700992584229,0.0,0.0,0.0,0.0,0.0,0.0,0.0
164,134,3744.1119402985073,133.30364154268867,128.41884149450976,142.14864364568353,463,スク 上 ル ぼっ 礎 記 結 マタ od 間 キン グ ジ ム プロ モー ショ ぬ ー ー ー キー 市 ダー ほ ポポ マフ プレ ュー 計 ル ラ ー ほ 語 マフ ド ベベ jiktok tobuy z ー AO 且 ミッ HL ー デ っ らち TikTok tobuy z do e ミン 列 チ っ MS スズ 了 息 ス ラプ ド cgso レレ ン OM スラ ッ ド g m ハム tobuy z ひび TikTok 友達 さて 激 ゎ 案 件 きく ピ,0.0,0.0,0.0,0.0,0.0,0.0,0.0,0.0,0.0,0.0,0.9898861050605774
165,134,3744.1119402985073,133.30364154268867,128.41884149450976,142.14864364568353,463,スク 上 ル ぼっ 礎 記 結 マタ od 間 キン グ ジ ム プロ モー ショ ぬ ー ー ー キー 市 ダー ほ ポポ マフ プレ ュー 計 ル ラ ー ほ 語 マフ ド ベベ jiktok tobuy z ー AO 且 ミッ HL ー デ っ らち TikTok tobuy z do e ミン 列 チ っ MS スズ 了 息 ス ラプ ド cgso レレ ン OM スラ ッ ド g m ハム tobuy z ひび TikTok 友達 さて 激 ゎ 案 件 きく ピ,0.0,0.0,0.0,0.0,0.0,0.0,0.0,0.0,0.0,0.0,0.9898861050605774
166,134,3744.1119402985073,133.30364154268867,128.41884149450976,142.14864364568353,463,スク 上 ル ぼっ 礎 記 結 マタ od 間 キン グ ジ ム プロ モー ショ ぬ ー ー ー キー 市 ダー ほ ポポ マフ プレ ュー 計 ル ラ ー ほ 語 マフ ド ベベ jiktok tobuy z ー AO 且 ミッ HL ー デ っ らち TikTok tobuy z do e ミン 列 チ っ MS スズ 了 息 ス ラプ ド cgso レレ ン OM スラ ッ ド g m ハム tobuy z ひび TikTok 友達 さて 激 ゎ 案 件 きく ピ,0.0,0.0,0.0,0.0,0.0,0.0,0.0,0.0,0.0,0.0,0.9898861050605774
167,0,0.0,0.0,0.0,0.0,451,,0.0,0.0,0.0,0.0,0.0,0.0,0.0,0.0,0.0,0.0,0.0
168,0,0.0,0.0,0.0,0.0,451,,0.0,0.0,0.0,0.0,0.0,0.0,0.0,0.0,0.0,0.0,0.0
169,0,0.0,0.0,0.0,0.0,451,,0.0,0.0,0.0,0.0,0.0,0.0,0.0,0.0,0.0,0.0,0.0
170,0,0.0,0.0,0.0,0.0,451,,0.0,0.0,0.0,0.0,0.0,0.0,0.0,0.0,0.0,0.0,0.0
171,164,1667.8292682926829,128.41607800025133,141.47774041848604,157.75429683027693,379,じ 本 保全 セ プロ モー ショ ン 史上 最高 濃度 高温 透 ピ ビタミン c 配合 時 倍 温 透 キメ 整う め 欄 く ツヤ 肌 湯 通 ビ タ ミ ン c ィ メ 整える 肌 め ナ イア シン アミ N ド 信人 本 来る くも り 語る 溢 革 むち う シー ラボ エッセ ンス ロー 角 必 添 シー ラボ エッ セン スロ ー ション 和 キ 間 ょ りく すず 四 ション 則 く c ツヤ 肌 s 還 混 透 ビッ ミン キメ 整える 肌 本 来る くも り 剛,0.0,0.0,0.0,0.9909083843231201,0.0,0.0,0.0,0.0,0.0,0.0,0.0
172,164,1667.8292682926829,128.41607800025133,141.47774041848604,157.75429683027693,379,じ 本 保全 セ プロ モー ショ ン 史上 最高 濃度 高温 透 ピ ビタミン c 配合 時 倍 温 透 キメ 整う め 欄 く ツヤ 肌 湯 通 ビ タ ミ ン c ィ メ 整える 肌 め ナ イア シン アミ N ド 信人 本 来る くも り 語る 溢 革 むち う シー ラボ エッセ ンス ロー 角 必 添 シー ラボ エッ セン スロ ー ション 和 キ 間 ょ りく すず 四 ション 則 く c ツヤ 肌 s 還 混 透 ビッ ミン キメ 整える 肌 本 来る くも り 剛,0.0,0.0,0.0,0.9909083843231201,0.0,0.0,0.0,0.0,0.0,0.0,0.0
173,164,1667.8292682926829,128.41607800025133,141.47774041848604,157.75429683027693,379,じ 本 保全 セ プロ モー ショ ン 史上 最高 濃度 高温 透 ピ ビタミン c 配合 時 倍 温 透 キメ 整う め 欄 く ツヤ 肌 湯 通 ビ タ ミ ン c ィ メ 整える 肌 め ナ イア シン アミ N ド 信人 本 来る くも り 語る 溢 革 むち う シー ラボ エッセ ンス ロー 角 必 添 シー ラボ エッ セン スロ ー ション 和 キ 間 ょ りく すず 四 ション 則 く c ツヤ 肌 s 還 混 透 ビッ ミン キメ 整える 肌 本 来る くも り 剛,0.0,0.0,0.0,0.9909083843231201,0.0,0.0,0.0,0.0,0.0,0.0,0.0
177,164,1667.8292682926829,128.41607800025133,141.47774041848604,157.75429683027693,379,じ 本 保全 セ プロ モー ショ ン 史上 最高 濃度 高温 透 ピ ビタミン c 配合 時 倍 温 透 キメ 整う め 欄 く ツヤ 肌 湯 通 ビ タ ミ ン c ィ メ 整える 肌 め ナ イア シン アミ N ド 信人 本 来る くも り 語る 溢 革 むち う シー ラボ エッセ ンス ロー 角 必 添 シー ラボ エッ セン スロ ー ション 和 キ 間 ょ りく すず 四 ション 則 く c ツヤ 肌 s 還 混 透 ビッ ミン キメ 整える 肌 本 来る くも り 剛,0.0,0.0,0.0,0.9909083843231201,0.0,0.0,0.0,0.0,0.0,0.0,0.0
178,35,4959.257142857143,156.7775359342644,156.29968780245503,149.5286483274305,576,SO け g 泊 上 保 伯 いで 個人 斑 色 効果 保 Mn 人 oai 中 潤 ウ いる,0.0,0.0,0.0,0.9571329355239868,0.0,0.0,0.0,0.0,0.0,0.0,0.0
179,35,4959.257142857143,156.7775359342644,156.29968780245503,149.5286483274305,576,SO け g 泊 上 保 伯 いで 個人 斑 色 効果 保 Mn 人 oai 中 潤 ウ いる,0.0,0.0,0.0,0.9571329355239868,0.0,0.0,0.0,0.0,0.0,0.0,0.0
180,35,4959.257142857143,156.7775359342644,156.29968780245503,149.5286483274305,576,SO け g 泊 上 保 伯 いで 個人 斑 色 効果 保 Mn 人 oai 中 潤 ウ いる,0.0,0.0,0.0,0.9571325182914734,0.0,0.0,0.0,0.0,0.0,0.0,0.0
181,50,4057.64,143.32889269435304,145.29211932572431,148.85579437199877,549,ひ TikTok tobuy desu TikTok tobuy desu ひ TikTok tobuy desu nn っ 聞 u ME 速攻 マツ キヨ 探す 行く わ め usns 分 流 毛 布 グ ゃ 着 由,0.0,0.0,0.0,0.0,0.9727252721786499,0.0,0.0,0.0,0.0,0.0,0.0
182,50,4057.64,143.32889269435304,145.29211932572431,148.85579437199877,549,ひ TikTok tobuy desu TikTok tobuy desu ひ TikTok tobuy desu nn っ 聞 u ME 速攻 マツ キヨ 探す 行く わ め usns 分 流 毛 布 グ ゃ 着 由,0.0,0.0,0.0,0.0,0.9727252721786499,0.0,0.0,0.0,0.0,0.0,0.0
183,50,4057.64,143.32889269435304,145.29211932572431,148.85579437199877,549,ひ TikTok tobuy desu TikTok tobuy desu ひ TikTok tobuy desu nn っ 聞 u ME 速攻 マツ キヨ 探す 行く わ め usns 分 流 毛 布 グ ゃ 着 由,0.0,0.0,0.0,0.0,0.9727252721786499,0.0,0.0,0.0,0.0,0.0,0.0
184,50,4057.64,143.32889269435304,145.29211932572431,148.85579437199877,549,ひ TikTok tobuy desu TikTok tobuy desu ひ TikTok tobuy desu nn っ 聞 u ME 速攻 マツ キヨ 探す 行く わ め usns 分 流 毛 布 グ ゃ 着 由,0.0,0.0,0.0,0.0,0.9727252721786499,0.0,0.0,0.0,0.0,0.0,0.0
185,82,3509.231707317073,155.34207608881,145.14104295330844,126.42923802730525,395,メン ズ ビ オレ ブロ モー シ 人 g フェ スガ チ 勢 汗 対策 TikTok 才 BU いく ミ フ メンズ じ オ じ プロ モー ジ oo 吉 ー フェ スガ ナチ 勢 汗 対策 きく メン ズ ビ オレ プロ モー ショ ン ポン シトー FT ッ ピ みな hu シリ ー MO 二 Body uggrs ひ TikTok tobuy desu ひ TikTok tobuy desu ー 績,0.0,0.0,0.9871390461921692,0.0,0.0,0.0,0.0,0.0,0.0,0.0,0.0
186,25,777.2,120.76871417282916,122.23843799931575,123.55017648964383,350,tok tobuy desu m ー ル 測 本 人 メ ビ ォ レッ シー 時 ED ひ TikTok tobuy desu um tbbuy desu yy,0.0,0.0,0.0,0.0,0.0,0.0,0.9639909863471985,0.0,0.0,0.0,0.0
187,4,1559.0,156.68090483989465,135.92338795290476,94.59973379268843,325,ひ TikTok tobuy desu,0.0,0.020000595599412918,0.020004425197839737,0.020000971853733063,0.819981575012207,0.020003078505396843,0.020003512501716614,0.0200013667345047,0.020000962540507317,0.020000051707029343,0.02000344730913639
188,4,1559.0,156.68090483989465,135.92338795290476,94.59973379268843,325,ひ TikTok tobuy desu,0.0,0.020000595599412918,0.020004909485578537,0.020000971853733063,0.8199810981750488,0.020003076642751694,0.020003512501716614,0.0200013667345047,0.020000962540507317,0.020000051707029343,0.020003430545330048
